source1_entity_id	candidate_entity_ids
S1-714132312	S2-36973049,S2-902693916,S3-76581442,S3-948321994,S3-954194052
S1-106407869	S2-206048699,S2-321502572,S2-411773002,S2-666316775,S2-972087927,S2-980552823,S3-308389620,S3-706944390,S3-776030941,S3-826439882
S1-156285671	S2-564259126,S3-311423133,S3-561619614,S3-881734932
S1-689823050	S2-246966190,S2-263665657,S2-353554435,S2-689478309,S2-811059804,S2-866164733,S3-264110656,S3-285186569,S3-389514717,S3-392175041,S3-400848835,S3-72345166,S3-740506182,S3-768477629,S3-779064669,S3-851385884,S3-896969441,S3-966068770
S1-921369899	
S1-481669221	S2-753593579,S3-572431280,S3-619015719
S1-909865979	S2-518396562,S2-787004861,S2-905010895,S2-924441277,S2-949800978,S2-973152754,S3-68041909,S3-716946473,S3-742570614,S3-978292739
S1-280204013	S2-220582183,S2-444064024,S2-479124662,S2-866326764,S2-956867829,S3-144084499,S3-523546096,S3-652287374,S3-729069076,S3-746706865
S1-742053041	S2-204111827,S2-45821884,S2-578784175,S2-63117139,S2-975836913,S3-132415306,S3-223670933,S3-36873529,S3-487101652,S3-710774320
S1-913506265	S3-268272025,S3-835032939
S1-479574617	S2-156652754,S2-218111452,S2-638893019,S3-514511622,S3-872050970
S1-680637447	S2-399080334,S2-410411373,S2-526493060,S2-670406970,S2-678373967,S2-80818105,S2-930087891,S2-949300513,S2-971367727,S3-172026567,S3-338432074,S3-46929237,S3-795781092
S1-870190130	S2-557865140
S1-365170694	S2-357701868,S2-357874611,S2-363645478,S2-462426687,S2-50110047,S2-60869404,S2-611295194,S2-850524269,S2-945687659,S3-121142716,S3-194192310,S3-250223854,S3-469041425,S3-682451724,S3-743921762,S3-752267976,S3-814461933,S3-856005541,S3-930246504,S3-955382355
S1-778640743	S2-115371780,S3-467616579
S1-378191895	S2-157009014,S2-193192546,S2-284777044,S2-457753565,S2-621212069,S2-91100310,S2-991869053,S3-102646557,S3-119482634,S3-24139544,S3-257866797,S3-300797169,S3-30381899,S3-32557122,S3-649109731,S3-80602358,S3-919029749,S3-990105007
S1-684974736	S2-123684620,S2-129172293,S2-274193796,S2-32075012,S2-554160167,S2-900732677,S2-90611927,S3-275013845,S3-679261033,S3-970502050
S1-750279127	
S1-209281220	
S1-550154910	S2-222833745,S2-283264445,S2-314963865,S2-330025709,S2-342025542,S2-433629028,S2-510842397,S2-548500463,S2-627682672,S2-793243336,S2-88602560,S2-939356596,S2-992019566,S3-22649261,S3-276163495,S3-31727071,S3-318403806,S3-347087196,S3-363227425,S3-415590169,S3-482124667,S3-527612989,S3-584101714,S3-66473347,S3-73958887,S3-827789929,S3-967635715
S1-897975128	S2-209153801,S2-275408088,S2-49950306,S2-629664925,S2-674483606,S2-701170761,S2-72495135,S2-820001061,S2-827722721,S2-881711235,S2-945056046,S2-974901754,S3-149378749,S3-320245646,S3-394837108,S3-464088678,S3-515633719,S3-518579107,S3-604980231,S3-651475258,S3-652518072,S3-80022901,S3-994013896
S1-704604312	S2-136592431,S2-273677703,S2-30048306,S2-521416591,S3-130875511,S3-154855540,S3-964722761,S3-994258368
S1-628750886	
S1-714038427	S2-182986806,S2-221044106,S2-648630388,S3-239848768,S3-469272577,S3-473084249,S3-58435931,S3-655653146,S3-793981957,S3-887371844,S3-899298661
S1-426194890	S2-188422746,S2-303061871,S2-45143463,S2-703025452,S3-109730840,S3-20479494,S3-290793692,S3-40439793,S3-49846869,S3-642273345,S3-663778217,S3-74764413
S1-122385784	S2-147011040,S2-220512313,S2-287776873,S2-304000957,S2-316613657,S2-356639544,S2-475248315,S2-600018995,S2-670181184,S2-847365498,S3-22088661,S3-273237275,S3-326148123,S3-363129209,S3-501171061,S3-876046407,S3-905294433,S3-983828506
S1-540642140	S2-106040943,S2-322679152,S2-347685480,S2-598312557,S2-744098365,S3-132198355,S3-245669549,S3-605923847,S3-647541936,S3-65006793,S3-662956244,S3-742213830
S1-123475953	S2-267778262,S2-698823134,S2-777214835,S2-964040430,S3-115653125,S3-127741306,S3-153009257,S3-160900035,S3-24235415,S3-613991246,S3-934065775
S1-444801830	S2-188745062,S2-382331976,S2-384158416,S2-514820746,S2-528203192,S2-902221393,S2-949174379,S3-753349970
S1-502376041	S2-156945895,S2-166809876,S2-274272202,S2-550461683,S2-551281247,S2-630971574,S2-751829870,S2-840964780,S3-1550693,S3-176796094,S3-468932479,S3-63442593,S3-775140875,S3-824662053
S1-594021398	
S1-261170522	S2-20790246,S3-216502740,S3-369525154
S1-466641145	S2-342790091,S3-452825312
S1-99245709	S2-619262991,S2-749794857,S2-815602099,S3-203598800,S3-239578169,S3-336697476,S3-507474950,S3-693131957,S3-717293636,S3-736494730,S3-764042806,S3-898541620,S3-922550338
S1-339015166	
S1-614259237	S2-951148549,S3-836337426
S1-385801270	S2-107418742,S2-173133274,S2-203099050,S2-205139630,S2-275916855,S2-313017868,S2-327038228,S2-339363122,S2-350216748,S2-544508980,S2-584072405,S2-594549752,S2-613021953,S2-676069227,S2-762033087,S2-775767530,S2-791497609,S2-870945320,S2-917596702,S2-961333344,S2-975502236,S3-108478336,S3-290413216,S3-331103538,S3-38298918,S3-394918230,S3-409858322,S3-525968369,S3-625382479,S3-714549028,S3-84626078,S3-862753957,S3-870758493,S3-873113499,S3-894132922,S3-902200356,S3-978287417
S1-334672926	S2-293341063,S2-394305051,S2-768046892,S2-845015105,S3-609579286
S1-717749279	S2-704784114,S3-281302626,S3-410392259,S3-878948097,S3-913254865
S1-564662660	S2-258360599,S2-358836213,S2-637049107,S2-637469359,S2-680846241,S2-87379485,S2-884102769,S3-119405414,S3-504702992,S3-507043143,S3-590072303,S3-596415975,S3-640604256,S3-644424345,S3-692552074,S3-707258096,S3-726147053,S3-727858299,S3-755063748,S3-794951235,S3-972676497
S1-41643447	S3-703442683
S1-581360597	S2-120420573,S2-122768568,S2-326590840,S2-336500242,S2-418144525,S2-603597059,S2-625453224,S2-655225446,S2-664036246,S2-679408849,S2-683793701,S2-740240559,S2-91064584,S2-932412889,S2-974146456,S3-100659662,S3-169844964,S3-206218001,S3-23492958,S3-278868668,S3-349679455,S3-406354298,S3-426841085,S3-495344572,S3-49685889,S3-524929343,S3-574231294,S3-58952785,S3-620427329,S3-68321827,S3-743187888,S3-877097974,S3-937791576
S1-946184931	S2-111520283,S2-183602460,S2-24492207,S2-279186227,S2-30069822,S2-775180820,S2-976445428,S3-856244664,S3-864741808,S3-877366644,S3-905699122
S1-244940399	
S1-616465752	S2-100287528,S2-230370029,S2-255716908,S2-260630112,S2-285549357,S2-297133466,S2-474435815,S2-478128946,S2-515979654,S2-641757866,S2-716393519,S2-799710062,S2-878037834,S2-995631959,S3-174735914,S3-188040886,S3-293451121,S3-337987909,S3-338787581,S3-366311053,S3-42046426,S3-433890805,S3-449701781,S3-455166983,S3-460674044,S3-582251778,S3-834921847,S3-889671181,S3-901463641,S3-949240092
S1-762904067	S2-250407423,S2-322554268,S2-32353150,S2-431261713,S2-551467333,S2-555191263,S2-597052728,S2-650902683,S2-7204821,S2-772019937,S2-98348512,S3-175597654,S3-395400724,S3-587889709,S3-61440600,S3-619172070,S3-626034570,S3-736798421,S3-769518935,S3-821925805,S3-864981389,S3-86712625
S1-261476747	S2-207780590,S2-360865947,S2-375101252
S1-874436225	S2-177137107,S2-462183999,S2-800479747,S2-879426401,S3-173100375,S3-328022966,S3-739649986,S3-873320150
S1-816918307	S2-178717847,S2-288903558,S2-501770103,S2-54275281,S2-61770009,S2-878310190,S2-8966490,S3-305178177,S3-392593842,S3-54583905,S3-589030069,S3-605853037,S3-722922678,S3-872013487,S3-949816745
S1-52153457	S2-116390537,S2-1258962,S2-177873237,S2-248233059,S2-256848140,S2-270019533,S2-282832343,S2-307956418,S2-313905133,S2-332771680,S2-388594236,S2-39832293,S2-406825129,S2-44528425,S2-468679211,S2-493391928,S2-543720234,S2-547681647,S2-567273417,S2-59192725,S2-631498537,S2-639250156,S2-64076813,S2-64960194,S2-654562074,S2-667998932,S2-677512797,S2-681782072,S2-77137709,S2-805046231,S2-810544429,S2-813354914,S2-827490060,S2-867640379,S2-902293027,S2-90928248,S2-923308925,S2-923432289,S2-93393917,S2-936193093,S2-943071781,S2-943192804,S2-973829984,S3-220702244,S3-236881445,S3-549298,S3-674207500,S3-844042071,S3-909974680,S3-96366507
S1-867332501	
S1-969300060	
S1-930501805	S2-219268710,S2-226111615,S2-266592280,S2-303201573,S2-411224156,S2-580599447,S2-727756641,S2-802693248,S2-835489415,S3-283331598,S3-342523923,S3-519893413,S3-527642797,S3-661249181,S3-69105812,S3-797531746,S3-961797494,S3-971953221
S1-474452362	S2-358906668,S2-681129137,S2-939985815,S3-151797680,S3-27965581,S3-363219875,S3-617023108,S3-743234125,S3-854111235,S3-971460215
S1-802731895	S2-213473496,S2-860947028,S2-991126031,S3-211230794,S3-238309087,S3-34352179,S3-37392694,S3-447659838,S3-628325063,S3-630998672,S3-956798263
S1-39733947	
S1-807424751	S2-353852049,S2-454065981,S2-712179394,S2-815441628,S2-988352114,S3-148717445,S3-355019990,S3-399526928,S3-456129407
S1-269499779	S2-619262991,S2-749794857,S2-815602099,S3-203598800,S3-239578169,S3-336697476,S3-507474950,S3-693131957,S3-717293636,S3-736494730,S3-764042806,S3-898541620,S3-922550338
S1-574528784	S2-332163699,S2-551914381,S2-657666901,S2-741112525,S3-209848207,S3-268717921,S3-904293301,S3-958923054
S1-402621048	S2-308418230,S2-503434250,S2-590554293,S2-799684633,S2-898376436,S3-547831888,S3-622182382,S3-927424644
S1-684202485	S2-106302105,S2-167404095,S2-171106432,S2-205673722,S2-231978756,S2-254237917,S2-385507714,S2-495179311,S2-550575729,S2-621702363,S2-669641587,S2-711782291,S2-714159457,S2-721675766,S2-732602678,S2-773299493,S2-779040268,S2-978100588,S2-989006664,S2-990393867,S3-159233685,S3-17081506,S3-211675770,S3-2236344,S3-250625656,S3-287338294,S3-375705641,S3-522214407,S3-54058639,S3-548097310,S3-579498448,S3-606370443,S3-607443480,S3-758735081,S3-803739853,S3-804274330,S3-82573141,S3-900509177,S3-900511946,S3-994099841
S1-85238196	S2-345310984,S2-52477663,S2-534182089,S2-909860651,S3-450152589,S3-95011610
S1-569369299	S2-369450817,S2-424973236,S2-730602022,S2-784223944,S2-912048344,S2-990479164,S3-430524325
S1-559615219	S2-446399386,S2-49324659,S2-497654662,S2-969379726,S3-325525872,S3-404278186,S3-431084906,S3-501965992,S3-520005053
S1-684318101	S2-660971916,S3-616667515,S3-653990373,S3-747205629,S3-895523392
S1-503487168	S2-234872195,S2-285493501,S2-384450374,S2-448898627,S2-47254895,S2-630672871,S2-657406768,S3-456541281,S3-482373273,S3-594590523,S3-726290013,S3-783099056,S3-841034461,S3-870947009
S1-967139755	S3-789177169
S1-983819279	S2-531840771
S1-577269922	S2-136592431,S2-273677703,S2-30048306,S2-521416591,S3-130875511,S3-154855540,S3-964722761,S3-994258368
S1-87832748	S2-103646900,S2-108535553,S2-193013091,S2-280607105,S2-730530508,S2-832382132,S3-433377070,S3-490472859,S3-515547621,S3-812441050,S3-915085468
S1-295346696	S2-148202605,S2-276975445,S2-514477715,S2-516736084,S2-883799231,S3-233882157,S3-23518063,S3-36221036,S3-492131586,S3-566162301,S3-580297488,S3-696238121,S3-738601650,S3-813037581,S3-815098380,S3-839414204,S3-997870187
S1-252468250	S2-144753299,S2-190627117,S2-202615365,S2-213110901,S2-27508375,S2-502351575,S2-578898262,S2-591078525,S2-609451836,S2-643336283,S2-701496773,S2-79555866,S2-952003599,S2-963542969,S2-977553130,S3-150755425,S3-154569063,S3-159289951,S3-17977041,S3-234063215,S3-235011256,S3-303357574,S3-354252671,S3-435150918,S3-537516589,S3-566160421,S3-599115114,S3-612190510,S3-658437431,S3-667416946,S3-676664629,S3-738583899,S3-783337925,S3-787363465,S3-871418696,S3-88962579,S3-916228084,S3-934577839,S3-971533008
S1-781801397	S2-700330736,S3-137645656,S3-399390831,S3-677055875,S3-764653606
S1-669434847	S2-30478889,S2-784098039,S2-86010362,S2-921481031,S3-126894672,S3-466313147,S3-901679358,S3-915826424,S3-961095579
S1-570053103	S2-692619586
S1-736469556	S2-116390537,S2-1258962,S2-177873237,S2-248233059,S2-256848140,S2-270019533,S2-282832343,S2-307956418,S2-313905133,S2-332771680,S2-388594236,S2-39832293,S2-406825129,S2-44528425,S2-468679211,S2-493391928,S2-543720234,S2-547681647,S2-567273417,S2-59192725,S2-631498537,S2-639250156,S2-64076813,S2-64960194,S2-654562074,S2-667998932,S2-677512797,S2-681782072,S2-77137709,S2-805046231,S2-810544429,S2-813354914,S2-827490060,S2-867640379,S2-902293027,S2-90928248,S2-923308925,S2-923432289,S2-93393917,S2-936193093,S2-943071781,S2-943192804,S2-973829984,S3-220702244,S3-236881445,S3-549298,S3-674207500,S3-844042071,S3-909974680,S3-96366507
S1-483126440	S2-213473496,S2-860947028,S2-991126031,S3-211230794,S3-238309087,S3-34352179,S3-37392694,S3-447659838,S3-628325063,S3-630998672,S3-956798263
S1-270951405	S3-453371895,S3-846130008
S1-520799361	S2-109800469,S2-305794617,S2-492690381,S2-592287673,S2-768694729,S2-798589387,S2-902880487,S3-141829391,S3-426617067,S3-726527220,S3-901997932
S1-81033582	S2-257058436,S2-599919707,S3-153496419
S1-56410032	S2-144626367,S2-348551415,S2-352215857,S2-498001172,S2-523707559,S2-577525890,S2-584760377,S2-59167736,S2-645552896,S2-819778009,S2-870061051,S3-16078484,S3-170479705,S3-179214561,S3-222200982,S3-317956827,S3-372117999,S3-45552396,S3-688593102,S3-797598442,S3-81537653,S3-815706232,S3-950165485
S1-518847572	S3-11465461,S3-806209375
S1-776267063	
S1-35309228	S2-258360599,S2-358836213,S2-637049107,S2-637469359,S2-680846241,S2-87379485,S2-884102769,S3-119405414,S3-504702992,S3-507043143,S3-590072303,S3-596415975,S3-640604256,S3-644424345,S3-692552074,S3-707258096,S3-726147053,S3-727858299,S3-755063748,S3-794951235,S3-972676497
S1-493139457	S2-450649420,S2-716863503,S2-960258531,S2-994654970,S3-198973907,S3-399738814
S1-895087526	
S1-829126727	S2-105744335,S2-120300748,S2-216338042,S2-361065074,S2-550277993,S2-674544983,S2-719864134,S2-778119223,S3-317555456,S3-377994649,S3-417661216,S3-42105685,S3-555769770,S3-670887747,S3-734694785,S3-762435762,S3-7872523,S3-890827221
S1-457973373	
S1-74852342	
S1-280936763	S2-29931004
S1-999165514	S2-826034253,S3-177336223,S3-300079539,S3-553188513,S3-886669217
S1-395055615	S3-559013133,S3-69437409
S1-862701045	
S1-674871004	S2-117184155,S2-118916909,S2-147483891,S2-160424028,S2-193510687,S2-225679664,S2-226359557,S2-305089827,S2-417275383,S2-436185882,S2-475221902,S2-520321005,S2-525662290,S2-561915559,S2-562106308,S2-666810841,S2-697505520,S2-732155812,S2-878884039,S2-883181682,S3-25237004,S3-266959944,S3-313808237,S3-425715498,S3-427686932,S3-452347005,S3-464265492,S3-572432762,S3-581743070,S3-637293328,S3-76340991,S3-768957450,S3-830619303,S3-863070168,S3-931358398,S3-986560205,S3-986739557
S1-287307821	S2-450649420,S2-716863503,S2-960258531,S2-994654970,S3-198973907,S3-399738814
S1-273768056	S2-100287528,S2-230370029,S2-255716908,S2-260630112,S2-285549357,S2-297133466,S2-474435815,S2-478128946,S2-515979654,S2-641757866,S2-716393519,S2-799710062,S2-878037834,S2-995631959,S3-174735914,S3-188040886,S3-293451121,S3-337987909,S3-338787581,S3-366311053,S3-42046426,S3-433890805,S3-449701781,S3-455166983,S3-460674044,S3-582251778,S3-834921847,S3-889671181,S3-901463641,S3-949240092
S1-323395452	S2-234872195,S2-285493501,S2-384450374,S2-448898627,S2-47254895,S2-630672871,S2-657406768,S3-456541281,S3-482373273,S3-594590523,S3-726290013,S3-783099056,S3-841034461,S3-870947009
S1-4144001	S2-147011040,S2-220512313,S2-287776873,S2-304000957,S2-316613657,S2-356639544,S2-475248315,S2-600018995,S2-670181184,S2-847365498,S3-22088661,S3-273237275,S3-326148123,S3-363129209,S3-501171061,S3-876046407,S3-905294433,S3-983828506
S1-512210875	S2-182986806,S2-221044106,S2-648630388,S3-239848768,S3-469272577,S3-473084249,S3-58435931,S3-655653146,S3-793981957,S3-887371844,S3-899298661
S1-143287441	
S1-351656683	S2-410406724,S2-513160602,S2-916704724,S3-363048043,S3-449481586,S3-7684605
S1-83258310	S2-100287528,S2-230370029,S2-255716908,S2-260630112,S2-285549357,S2-297133466,S2-474435815,S2-478128946,S2-515979654,S2-641757866,S2-716393519,S2-799710062,S2-878037834,S2-995631959,S3-174735914,S3-188040886,S3-293451121,S3-337987909,S3-338787581,S3-366311053,S3-42046426,S3-433890805,S3-449701781,S3-455166983,S3-460674044,S3-582251778,S3-834921847,S3-889671181,S3-901463641,S3-949240092
S1-126274111	S2-255281915,S2-927578536,S3-588855451,S3-926456509
S1-991875825	S2-304989017,S2-706548751,S2-87935400,S2-986494492,S3-391823164,S3-650321201
S1-219350089	S2-168132027,S2-450192914,S2-519059543,S2-730294781,S2-842315656,S3-257698168,S3-331873108,S3-981141871
S1-476026008	S2-121764179,S2-129699032,S2-234992726,S2-248611322,S2-313452475,S2-339673955,S2-350400344,S2-351519794,S2-37998381,S2-415633307,S2-424721957,S2-485133256,S2-508597312,S2-539204540,S2-544808894,S2-558351724,S2-568605,S2-571566815,S2-589227719,S2-617430166,S2-6298395,S2-684016958,S2-722336377,S2-841786122,S2-856802130,S2-883588051,S2-927573547,S2-934266624,S2-96908799,S3-153388083,S3-187125497,S3-203039753,S3-231779815,S3-303635792,S3-311221275,S3-334857772,S3-379094706,S3-484994752,S3-485723646,S3-628812536,S3-657919288,S3-665900009,S3-691294985,S3-760433788,S3-795106375,S3-809001449,S3-859552447,S3-885926420,S3-971063817,S3-987993283
S1-595583207	
S1-660977005	S2-117184155,S2-118916909,S2-147483891,S2-160424028,S2-193510687,S2-225679664,S2-226359557,S2-305089827,S2-417275383,S2-436185882,S2-475221902,S2-520321005,S2-525662290,S2-561915559,S2-562106308,S2-666810841,S2-697505520,S2-732155812,S2-878884039,S2-883181682,S3-25237004,S3-266959944,S3-313808237,S3-425715498,S3-427686932,S3-452347005,S3-464265492,S3-572432762,S3-581743070,S3-637293328,S3-76340991,S3-768957450,S3-830619303,S3-863070168,S3-931358398,S3-986560205,S3-986739557
S1-106130112	S2-162674469,S2-230761642,S2-237102635,S2-300060087,S2-306337777,S2-420530612,S2-676900134,S2-737024848,S2-862377868,S3-677098350
S1-383508132	S2-653062110,S3-234659501
S1-960747316	S2-261771601,S2-343084525,S2-445598380,S3-217052448,S3-301622173,S3-629191967,S3-915597855
S1-78181547	S2-574178854,S2-662698998,S2-708311583,S3-210858997,S3-276815716,S3-40392230,S3-978534496
S1-44674670	
S1-712639027	S2-308418230,S2-503434250,S2-590554293,S2-799684633,S2-898376436,S3-547831888,S3-622182382,S3-927424644
S1-875777939	S2-150268141,S2-224414385,S2-581549782,S2-737499898,S2-77012618,S2-784720932,S2-806209738,S2-865500418,S2-88977929,S3-168605175,S3-273133357,S3-38197713,S3-514174091,S3-545765346,S3-949501293
S1-906720062	S2-146021424,S2-348424823,S2-473944983,S2-973405019,S3-11341631,S3-166024297,S3-198508352,S3-216689018,S3-222306979,S3-269012831,S3-360915051,S3-393769757,S3-496440095,S3-517069981,S3-64680692,S3-671760815,S3-697978106,S3-759411378,S3-902640883,S3-977845400
S1-868609391	S3-361815424,S3-693617736,S3-985177020
S1-842551642	S2-419824011,S2-491729969,S2-65284847,S2-744384640,S2-903046871,S3-101036051,S3-135907540,S3-817161138
S1-977549219	S2-174267507,S2-296064086,S2-308862519,S2-33330290,S2-42376148,S2-436503412,S2-77668832,S3-111867863,S3-219206801,S3-376422541,S3-389774963,S3-546731906,S3-913148143
S1-345501851	S2-100287528,S2-230370029,S2-255716908,S2-260630112,S2-285549357,S2-297133466,S2-474435815,S2-478128946,S2-515979654,S2-641757866,S2-716393519,S2-799710062,S2-878037834,S2-995631959,S3-174735914,S3-188040886,S3-293451121,S3-337987909,S3-338787581,S3-366311053,S3-42046426,S3-433890805,S3-449701781,S3-455166983,S3-460674044,S3-582251778,S3-834921847,S3-889671181,S3-901463641,S3-949240092
S1-465557953	S2-182986806,S2-221044106,S2-648630388,S3-239848768,S3-469272577,S3-473084249,S3-58435931,S3-655653146,S3-793981957,S3-887371844,S3-899298661
S1-548433616	
S1-542615632	S3-7528752
S1-396150929	S2-160823657,S2-167452033,S2-19400062,S2-234605140,S2-389026253,S2-396153724,S2-412254468,S2-57660528,S2-885212289,S3-165763338,S3-284453472,S3-306853514,S3-367614197,S3-39519674,S3-509005412,S3-745922096
S1-370806262	S2-708416992,S3-445543631
S1-149784022	S2-16765931,S2-225669942,S2-247144607,S2-269300058,S2-33989518,S2-374478891,S2-382196291,S2-429414207,S2-496433797,S2-561605456,S2-725894842,S2-980281177,S3-133569925,S3-153885777,S3-260378726,S3-324792015,S3-45364968,S3-677557632,S3-747940647,S3-820273363
S1-208197675	S2-164358904,S2-186023919,S2-261011595,S2-348428540,S2-391663677,S2-528929761,S2-630817745,S2-655126762,S2-758737311,S3-109368624,S3-132977414,S3-185580229,S3-243515600,S3-300517012,S3-39853179,S3-430704048,S3-50281059,S3-542159634,S3-604883637,S3-739606609,S3-839317527
S1-621024	
S1-479716586	S2-394696306,S2-824549098
S1-73366741	S3-316451046,S3-875498002
S1-866981273	
S1-48247433	S2-511146838
S1-139090022	
S1-503254241	S2-200885542,S2-530606195,S2-648370708,S2-81112203,S2-910295846,S3-196512158,S3-368853565,S3-410910620,S3-590748426,S3-927761781,S3-975861198
S1-102847291	S2-222833745,S2-283264445,S2-314963865,S2-330025709,S2-342025542,S2-433629028,S2-510842397,S2-548500463,S2-627682672,S2-793243336,S2-88602560,S2-939356596,S2-992019566,S3-22649261,S3-276163495,S3-31727071,S3-318403806,S3-347087196,S3-363227425,S3-415590169,S3-482124667,S3-527612989,S3-584101714,S3-66473347,S3-73958887,S3-827789929,S3-967635715
S1-619110488	S2-277600738,S2-591945540,S2-826608782,S3-144784336,S3-51136306,S3-548981760,S3-940132125
S1-623031914	S2-151378675,S2-327895743,S2-372458033,S2-565272097,S2-602015829,S2-696890340,S2-702263933,S2-731064164,S2-782078221,S2-830021095,S2-903928497,S2-916677232,S3-101242901,S3-172266482,S3-401066646,S3-417521268,S3-481581345,S3-576703765,S3-918975360,S3-937908802
S1-215270294	S2-234200980,S2-258187741,S2-609571259,S2-651671642,S3-414627989,S3-523374695,S3-744350656,S3-780383003,S3-815732391
S1-762005078	S2-127551836,S2-398226462,S2-439140764,S2-444038303,S2-553274633,S2-62328730,S2-644642765,S2-789658003,S2-817708911,S3-198604029,S3-238466798,S3-476457316,S3-628771044,S3-762723566,S3-887487461,S3-944955980,S3-952738461
S1-983603694	S3-864795579
S1-437281614	S2-192026730,S2-279142940,S3-514316,S3-577836620,S3-627348323,S3-976515721
S1-590781135	S2-266529850,S2-840686664,S3-284249071,S3-347563849,S3-858397119
S1-423414451	S2-732893907,S3-663782545
S1-847114478	S2-198931605,S2-268353900,S2-299685676,S2-462933950,S2-569777652,S2-857944178,S3-221408798,S3-285620374,S3-341398575,S3-343934684,S3-347732726,S3-627410971,S3-742720087,S3-75604340,S3-763710798,S3-854398958,S3-899040971,S3-966015395
S1-526334226	S2-139431889,S2-351805720,S2-54976098,S2-581613463,S2-753864241,S2-772877325,S3-577972146,S3-696693948,S3-883789863
S1-381894503	S2-112537011,S2-348013081,S2-393902595,S2-63540086,S2-685938318,S2-686803202,S2-695880094,S2-788345577,S2-972432542,S3-121588968,S3-212565493,S3-249945466,S3-277057080,S3-281274274,S3-307928368,S3-326861904,S3-379506900,S3-421154203,S3-531644148,S3-536236212,S3-541818572,S3-575522215,S3-641559642,S3-725881781,S3-927491453
S1-313092170	S2-19070854,S2-246962686,S2-36822895,S2-499913229,S2-673373120,S2-818656339,S2-889554500,S2-974449426,S3-172493361,S3-267516505,S3-797230566
S1-60876864	S2-106341849,S2-200454250,S2-236730713,S2-424998513,S2-485885002,S2-570347335,S2-677910159,S2-704409228,S2-751407165,S2-861422809,S3-142534241,S3-249548916,S3-269283294,S3-340665809,S3-377978037,S3-438945245,S3-447259837,S3-636367698,S3-658846820,S3-724890250,S3-823559113,S3-823935201,S3-835801910,S3-908996282
S1-261642209	
S1-78728267	S2-390408212
S1-308199161	S2-121933134,S2-125535289,S2-147066328,S2-261721339,S2-311751510,S2-357935842,S2-431834266,S2-438922697,S2-488801817,S2-604252590,S2-672552028,S2-673676882,S2-761954042,S2-80030619,S2-938865725,S3-143717382,S3-152411510,S3-266797197,S3-344773389,S3-369449736,S3-380113570,S3-398575693,S3-481622772,S3-84713322,S3-997358658
S1-358927120	S2-928635359,S3-419885666,S3-899714798
S1-337122273	S2-619262991,S2-749794857,S2-815602099,S3-203598800,S3-239578169,S3-336697476,S3-507474950,S3-693131957,S3-717293636,S3-736494730,S3-764042806,S3-898541620,S3-922550338
S1-650650055	S2-188745062,S2-382331976,S2-384158416,S2-514820746,S2-528203192,S2-902221393,S2-949174379,S3-753349970
S1-834257002	S2-109800469,S2-305794617,S2-492690381,S2-592287673,S2-768694729,S2-798589387,S2-902880487,S3-141829391,S3-426617067,S3-726527220,S3-901997932
S1-937349180	
S1-725006887	S2-266323597,S2-516174026,S2-671019678,S2-693498542,S2-947273350,S2-996027273,S3-312577481,S3-518351645,S3-80033504,S3-825917420
S1-820730560	S2-104187102,S2-133862153,S2-28901364,S2-440277559,S2-54081201,S2-640220497,S2-859710077,S2-882229437,S3-412997909,S3-53462822
S1-47803313	S2-272560848
S1-385569722	
S1-453884385	S2-139337793,S2-170268811,S2-20928654,S2-462988598,S2-756289447,S2-974230876,S3-751695476,S3-924601071,S3-979560154
S1-650304466	S2-644077752,S2-952319704,S3-28487348,S3-300948918,S3-443567711,S3-597801182,S3-662462001,S3-864302896,S3-991123962
S1-762839052	S3-256502380,S3-383472275,S3-464552592,S3-689643077,S3-737656618,S3-979716721
S1-550679918	S2-150304161
S1-659666950	S2-106341849,S2-200454250,S2-236730713,S2-424998513,S2-485885002,S2-570347335,S2-677910159,S2-704409228,S2-751407165,S2-861422809,S3-142534241,S3-249548916,S3-269283294,S3-340665809,S3-377978037,S3-438945245,S3-447259837,S3-636367698,S3-658846820,S3-724890250,S3-823559113,S3-823935201,S3-835801910,S3-908996282
S1-772914073	S2-222833745,S2-283264445,S2-314963865,S2-330025709,S2-342025542,S2-433629028,S2-510842397,S2-548500463,S2-627682672,S2-793243336,S2-88602560,S2-939356596,S2-992019566,S3-22649261,S3-276163495,S3-31727071,S3-318403806,S3-347087196,S3-363227425,S3-415590169,S3-482124667,S3-527612989,S3-584101714,S3-66473347,S3-73958887,S3-827789929,S3-967635715
S1-860482342	S2-227087413,S2-344185035,S2-502135996,S2-526926528,S2-626000638,S2-632743033,S2-728249934,S2-73669847,S2-791236419,S2-840963972,S2-853058328,S2-868351479,S2-949729542,S2-957880956,S3-177028855,S3-210279455,S3-310466561,S3-467282506,S3-518978010,S3-605590373,S3-623979567,S3-753055199,S3-985583010
S1-813052697	S2-110979820,S2-174129066,S2-240701637,S2-48725229,S2-524196193,S2-532077042,S2-54101700,S2-73196616,S2-780725709,S2-940603889,S2-972461738,S3-244033339,S3-253977022,S3-279593139,S3-320865987,S3-370642320,S3-371325224,S3-421327887,S3-56250000,S3-674070956,S3-708159653,S3-773018551,S3-793008679,S3-963242645
S1-366528589	S2-530322508,S2-586506427,S2-862611244,S3-656749670,S3-725172826
S1-720336913	
S1-640880009	S2-997045095,S3-844819767
S1-887500171	S2-205283758,S2-239070834,S2-691792431,S2-69354231,S2-723774212,S3-135683156,S3-38936571,S3-422815078,S3-456593429,S3-521783865,S3-540093376,S3-553611635,S3-573314762,S3-604655394,S3-733735582,S3-790686227,S3-877924260
S1-971996731	S2-178779915,S2-193182845,S3-283592810,S3-29698559,S3-410764289,S3-610839231,S3-879523477,S3-998051891
S1-104317115	S2-106551742,S2-113094640,S2-172066960,S2-175042336,S2-202706398,S2-228653453,S2-271491371,S2-293556261,S2-306547398,S2-31342025,S2-341862186,S2-367817806,S2-387967930,S2-39306652,S2-405268363,S2-446572169,S2-447902259,S2-481113885,S2-484993653,S2-505969853,S2-518055291,S2-542465307,S2-552422416,S2-576201028,S2-577711295,S2-62323312,S2-623298671,S2-624429937,S2-665202231,S2-68168899,S2-687579762,S2-699803129,S2-720850258,S2-786114875,S2-859602057,S2-910561013,S2-923816782,S2-934144650,S2-94145774,S2-946046517,S2-947896922,S2-959392634,S2-96867962,S2-98240836,S3-10300249,S3-155795126,S3-170975522,S3-374810425,S3-965405807,S3-96795509
S1-518257638	
S1-884660527	S2-183269961,S2-199451665,S2-233626843,S2-298281864,S2-927940634,S3-158105558,S3-277822745,S3-669684969,S3-913382030,S3-966662001
S1-910004085	S2-219268710,S2-226111615,S2-266592280,S2-303201573,S2-411224156,S2-580599447,S2-727756641,S2-802693248,S2-835489415,S3-283331598,S3-342523923,S3-519893413,S3-527642797,S3-661249181,S3-69105812,S3-797531746,S3-961797494,S3-971953221
S1-591894902	S2-151378675,S2-327895743,S2-372458033,S2-565272097,S2-602015829,S2-696890340,S2-702263933,S2-731064164,S2-782078221,S2-830021095,S2-903928497,S2-916677232,S3-101242901,S3-172266482,S3-401066646,S3-417521268,S3-481581345,S3-576703765,S3-918975360,S3-937908802
S1-142638295	S2-619316727,S2-985760025,S3-615509209
S1-950720921	S2-116390537,S2-1258962,S2-177873237,S2-248233059,S2-256848140,S2-270019533,S2-282832343,S2-307956418,S2-313905133,S2-332771680,S2-388594236,S2-39832293,S2-406825129,S2-44528425,S2-468679211,S2-493391928,S2-543720234,S2-547681647,S2-567273417,S2-59192725,S2-631498537,S2-639250156,S2-64076813,S2-64960194,S2-654562074,S2-667998932,S2-677512797,S2-681782072,S2-77137709,S2-805046231,S2-810544429,S2-813354914,S2-827490060,S2-867640379,S2-902293027,S2-90928248,S2-923308925,S2-923432289,S2-93393917,S2-936193093,S2-943071781,S2-943192804,S2-973829984,S3-220702244,S3-236881445,S3-549298,S3-674207500,S3-844042071,S3-909974680,S3-96366507
S1-183285524	S2-827891871
S1-714649207	S2-126608465,S2-212835906,S2-545840360,S2-753945924,S2-759355073,S2-841197515,S3-210636387,S3-312512383,S3-386500136,S3-612044641,S3-706010386,S3-908156758
S1-841168517	
S1-819898451	S2-160823657,S2-167452033,S2-19400062,S2-234605140,S2-389026253,S2-396153724,S2-412254468,S2-57660528,S2-885212289,S3-165763338,S3-284453472,S3-306853514,S3-367614197,S3-39519674,S3-509005412,S3-745922096
S1-949091955	
S1-552966879	S2-644077752,S2-952319704,S3-28487348,S3-300948918,S3-443567711,S3-597801182,S3-662462001,S3-864302896,S3-991123962
S1-220057580	S2-425943921,S3-125704612,S3-273702975
S1-64462728	
S1-807938084	S2-106341849,S2-200454250,S2-236730713,S2-424998513,S2-485885002,S2-570347335,S2-677910159,S2-704409228,S2-751407165,S2-861422809,S3-142534241,S3-249548916,S3-269283294,S3-340665809,S3-377978037,S3-438945245,S3-447259837,S3-636367698,S3-658846820,S3-724890250,S3-823559113,S3-823935201,S3-835801910,S3-908996282
S1-693870315	S2-117184155,S2-118916909,S2-147483891,S2-160424028,S2-193510687,S2-225679664,S2-226359557,S2-305089827,S2-417275383,S2-436185882,S2-475221902,S2-520321005,S2-525662290,S2-561915559,S2-562106308,S2-666810841,S2-697505520,S2-732155812,S2-878884039,S2-883181682,S3-25237004,S3-266959944,S3-313808237,S3-425715498,S3-427686932,S3-452347005,S3-464265492,S3-572432762,S3-581743070,S3-637293328,S3-76340991,S3-768957450,S3-830619303,S3-863070168,S3-931358398,S3-986560205,S3-986739557
S1-455827432	S2-896768736,S3-125349995,S3-344640715
S1-527611593	S2-137707160,S2-146193186,S2-218619721,S2-23519898,S2-305637735,S2-340146518,S2-389924615,S2-402379517,S2-438565549,S2-444544903,S2-445039677,S2-447963596,S2-551128687,S2-722018212,S2-73405617,S2-771092155,S2-801803424,S2-832266307,S3-163458967,S3-168748626,S3-373462158,S3-441543576,S3-549736271,S3-553516582,S3-601197303,S3-611106860,S3-667815823,S3-697396640,S3-727698517,S3-755405825,S3-812550378,S3-816742816,S3-857937906
S1-727773972	S2-12092299,S2-127755733,S2-238297214,S2-530637870,S2-54169810,S2-568886805,S2-597419769,S2-77025756,S2-880002957,S3-175196117,S3-224886259,S3-65383906,S3-880485679,S3-922632740
S1-279446676	
S1-918109974	
S1-615018738	
S1-666592077	S2-25405386,S2-584897466,S3-131889640,S3-272728798,S3-509198692,S3-547668900,S3-833970055,S3-918393686
S1-509532493	
S1-992285010	
S1-382076507	S2-139507072,S2-18558428,S2-203621534,S2-251311805,S2-260839023,S2-273599220,S2-595812239,S2-665520150,S2-727918292,S2-80525362,S3-190345341,S3-268325388,S3-384633279,S3-542174661,S3-544100996,S3-623589664,S3-756831859
S1-185535466	S2-249416997,S2-504872199,S2-823243394,S2-86458130,S3-629889028,S3-645469146,S3-797381132,S3-858132953
S1-799535694	S2-340390872,S2-395171961,S2-665077110,S2-902499230,S2-960602386,S3-106428443,S3-186421823,S3-217903829,S3-282283528,S3-320037437,S3-353973830,S3-737664007,S3-836162231,S3-891436568
S1-598558953	S2-523125777
S1-222645796	S2-32964322
S1-192481319	S2-117184155,S2-118916909,S2-147483891,S2-160424028,S2-193510687,S2-225679664,S2-226359557,S2-305089827,S2-417275383,S2-436185882,S2-475221902,S2-520321005,S2-525662290,S2-561915559,S2-562106308,S2-666810841,S2-697505520,S2-732155812,S2-878884039,S2-883181682,S3-25237004,S3-266959944,S3-313808237,S3-425715498,S3-427686932,S3-452347005,S3-464265492,S3-572432762,S3-581743070,S3-637293328,S3-76340991,S3-768957450,S3-830619303,S3-863070168,S3-931358398,S3-986560205,S3-986739557
S1-413573159	S2-409717420,S2-440104204,S2-571755639,S2-911722555,S2-990897950,S3-212809372,S3-277477504,S3-334325233,S3-354193409,S3-451401837,S3-527660042,S3-746507879,S3-80000045,S3-923888648
S1-782634160	S2-116390537,S2-1258962,S2-177873237,S2-248233059,S2-256848140,S2-270019533,S2-282832343,S2-307956418,S2-313905133,S2-332771680,S2-388594236,S2-39832293,S2-406825129,S2-44528425,S2-468679211,S2-493391928,S2-543720234,S2-547681647,S2-567273417,S2-59192725,S2-631498537,S2-639250156,S2-64076813,S2-64960194,S2-654562074,S2-667998932,S2-677512797,S2-681782072,S2-77137709,S2-805046231,S2-810544429,S2-813354914,S2-827490060,S2-867640379,S2-902293027,S2-90928248,S2-923308925,S2-923432289,S2-93393917,S2-936193093,S2-943071781,S2-943192804,S2-973829984,S3-220702244,S3-236881445,S3-549298,S3-674207500,S3-844042071,S3-909974680,S3-96366507
S1-394334841	S2-127551836,S2-398226462,S2-439140764,S2-444038303,S2-553274633,S2-62328730,S2-644642765,S2-789658003,S2-817708911,S3-198604029,S3-238466798,S3-476457316,S3-628771044,S3-762723566,S3-887487461,S3-944955980,S3-952738461
S1-759762834	S2-424599024,S2-574951813,S2-919585353,S2-950170744,S3-284848507,S3-303974048,S3-330359437,S3-344876478,S3-406452547,S3-689468380,S3-805987623,S3-997063274
S1-653070765	
S1-94096071	S2-129068134,S2-66354294,S3-522092597
S1-682391735	
S1-559968662	
S1-964877324	S3-285989741,S3-56295844,S3-584632273
S1-883416047	S2-146021424,S2-348424823,S2-473944983,S2-973405019,S3-11341631,S3-166024297,S3-198508352,S3-216689018,S3-222306979,S3-269012831,S3-360915051,S3-393769757,S3-496440095,S3-517069981,S3-64680692,S3-671760815,S3-697978106,S3-759411378,S3-902640883,S3-977845400
S1-182458975	S2-166310828,S2-200306868,S2-214746945,S2-313670026,S2-314240782,S2-423602272,S2-430628976,S2-474126118,S2-672061424,S2-84800980,S2-885591241,S2-89660732,S3-125926242,S3-194069528,S3-237292178,S3-349873853,S3-4556921,S3-466163493,S3-742836989,S3-743301641,S3-762858573,S3-806522958,S3-956529663
S1-339269492	S2-129068134,S2-66354294,S3-522092597
S1-621676240	S2-139337793,S2-170268811,S2-20928654,S2-462988598,S2-756289447,S2-974230876,S3-751695476,S3-924601071,S3-979560154
S1-103138354	S2-118015442,S2-306194907,S2-476468994,S2-646937648,S2-753100466,S3-654939501
S1-279963953	
S1-317707487	S2-524291292,S2-945013499,S3-360852380,S3-482593179,S3-554091209,S3-568985509,S3-679529253,S3-687245749
S1-391244573	S2-424599024,S2-574951813,S2-919585353,S2-950170744,S3-284848507,S3-303974048,S3-330359437,S3-344876478,S3-406452547,S3-689468380,S3-805987623,S3-997063274
S1-603458137	S2-157096009,S2-208890076,S2-342720491,S2-401195970,S2-409548110,S2-454860021,S2-565787935,S2-864742293,S2-965534736,S3-139562810,S3-186875006,S3-251522598,S3-278471721,S3-330504048,S3-339215876,S3-533630743,S3-631007358,S3-66509585,S3-681546386,S3-764156649
S1-429550703	
S1-302219416	S2-388029707,S2-934716922,S3-660659868,S3-77655688,S3-825560582,S3-915330451
S1-693956169	S2-148202605,S2-276975445,S2-514477715,S2-516736084,S2-883799231,S3-233882157,S3-23518063,S3-36221036,S3-492131586,S3-566162301,S3-580297488,S3-696238121,S3-738601650,S3-813037581,S3-815098380,S3-839414204,S3-997870187
S1-837916944	S3-255657902,S3-310904415
S1-336786786	S2-424599291,S2-719605285,S2-753325030,S2-85144335,S3-115390426,S3-124263632,S3-317735431,S3-447228643,S3-563137754,S3-591923711,S3-60718083,S3-617542417,S3-713591626,S3-772851894,S3-802796315,S3-870558068,S3-929416102,S3-932686955
S1-800911534	S2-375151053,S3-604715797
S1-181883447	S2-104769383,S2-367421312,S2-572406967,S2-600860109,S2-80200813,S2-918973885,S2-996688177,S3-107757096,S3-352850582,S3-555755015,S3-710805509,S3-714965808,S3-814843124,S3-867263634,S3-870867359
S1-1433093	S2-145315497,S2-151772630,S2-172931439,S2-205258802,S2-22034959,S2-270521088,S2-333797245,S2-375611524,S2-406414266,S2-463366311,S2-481010747,S2-525544135,S2-562046488,S2-563202302,S2-564160312,S2-578321005,S2-672458933,S2-777926654,S2-778054427,S2-783711706,S2-789238637,S2-805068624,S2-805328552,S2-824266066,S2-83210015,S2-835343544,S2-851636302,S2-861216758,S2-87473476,S2-946828495,S2-949382251,S2-989931439,S3-155137912,S3-231992200,S3-246690251,S3-262561718,S3-289000533,S3-43782514,S3-513583430,S3-533188670,S3-538579257,S3-570216123,S3-580252602,S3-669066186,S3-76562507,S3-767454070,S3-795894021,S3-801858031,S3-885753441,S3-995733240
S1-733472967	S2-245651045,S2-324476050,S2-363312407,S2-469205972,S3-192892090,S3-278595025,S3-641488020,S3-656686413,S3-981142977
S1-89100953	S2-206048699,S2-321502572,S2-411773002,S2-666316775,S2-972087927,S2-980552823,S3-308389620,S3-706944390,S3-776030941,S3-826439882
S1-848293840	S2-211092999,S2-271907774,S2-293830644,S2-451766122,S2-496883836,S2-967080091,S2-973074537,S3-141930108,S3-217427762,S3-349927888,S3-546809841,S3-711430755,S3-741835199,S3-762840029,S3-781299150,S3-858159591,S3-982827473
S1-17003766	S2-704784114,S3-281302626,S3-410392259,S3-878948097,S3-913254865
S1-915512126	S2-132734282,S2-476476786,S2-734527330,S2-817215507,S2-830750148,S2-928550996,S2-960008590,S3-11993669,S3-252766980,S3-348058065,S3-394904935,S3-48610040,S3-534038994,S3-54379086,S3-588887129,S3-760959067,S3-770412976,S3-800884602,S3-802551251,S3-863322721
S1-901504091	S2-400180614,S2-855379701,S3-683039104
S1-724741475	S2-240202044,S2-285112807,S2-33484368,S2-348309342,S2-372153637,S2-413929417,S2-49105661,S2-528686133,S2-912619584,S2-984881146,S3-441448564,S3-622017468,S3-73658331
S1-851421910	S2-21994381,S2-462027197,S3-177391666,S3-255150389
S1-430298053	S2-365487618,S2-577253485,S2-607335711,S2-76675873,S3-31882713,S3-509957303,S3-586684390,S3-586928900,S3-712431594,S3-860232672
S1-307277652	S2-331483512,S2-385808099,S2-603458279,S3-173981567,S3-462612360,S3-589966304,S3-743202514,S3-852419553,S3-896032795
S1-503010787	S2-106341849,S2-200454250,S2-236730713,S2-424998513,S2-485885002,S2-570347335,S2-677910159,S2-704409228,S2-751407165,S2-861422809,S3-142534241,S3-249548916,S3-269283294,S3-340665809,S3-377978037,S3-438945245,S3-447259837,S3-636367698,S3-658846820,S3-724890250,S3-823559113,S3-823935201,S3-835801910,S3-908996282
S1-520627257	S2-753889931,S2-829533261,S2-884050157,S3-48704160
S1-667272642	S2-342304133,S2-534796720,S2-604867386,S2-738378117,S2-907620830,S2-910325046,S3-572176821,S3-737153310
S1-827961773	S3-268272025,S3-835032939
S1-255349799	S2-110582342,S2-130847129,S2-256979496,S2-303791329,S2-355472565,S2-612422472,S2-904853094,S3-137502374,S3-196711095,S3-580325729,S3-672416619,S3-756655595,S3-803691940,S3-900855574,S3-962607637,S3-998917504
S1-418524279	S2-217954506,S2-344818339,S2-425334082
S1-661144640	S2-250407423,S2-322554268,S2-32353150,S2-431261713,S2-551467333,S2-555191263,S2-597052728,S2-650902683,S2-7204821,S2-772019937,S2-98348512,S3-175597654,S3-395400724,S3-587889709,S3-61440600,S3-619172070,S3-626034570,S3-736798421,S3-769518935,S3-821925805,S3-864981389,S3-86712625
S1-892745196	S2-718049901,S2-853346068
S1-751409146	S2-827982690
S1-13506955	
S1-262020943	S2-121933134,S2-125535289,S2-147066328,S2-261721339,S2-311751510,S2-357935842,S2-431834266,S2-438922697,S2-488801817,S2-604252590,S2-672552028,S2-673676882,S2-761954042,S2-80030619,S2-938865725,S3-143717382,S3-152411510,S3-266797197,S3-344773389,S3-369449736,S3-380113570,S3-398575693,S3-481622772,S3-84713322,S3-997358658
S1-746909581	S2-396538001,S2-420242391,S2-423536344,S2-475549310,S2-520720812,S2-596368087,S2-618058277,S2-741988967,S2-84294594,S2-843952537,S2-858144298,S3-478971264,S3-505398333,S3-545631240,S3-600418036,S3-691716623,S3-709742859,S3-714903191,S3-716865471,S3-799672771,S3-810108097,S3-833749338,S3-87526296
S1-481776787	S2-119341457,S2-237209707,S2-273093864,S2-299959026,S2-386113796,S2-386330313,S2-416962807,S2-576657941,S2-587849824,S2-604170429,S2-609923135,S2-663959226,S2-862000237,S2-919239980,S2-928993429,S2-947488596,S2-948180855,S2-985874682,S2-992731247,S3-100799892,S3-1532315,S3-192887240,S3-249624801,S3-257069189,S3-310213773,S3-329392127,S3-377331363,S3-4402421,S3-460640416,S3-553384344,S3-568445343,S3-605278522,S3-612452286,S3-696336723,S3-738758511,S3-739386281,S3-870588828,S3-871833668,S3-918266000,S3-935354109,S3-939100883,S3-991179212
S1-870654726	S2-419824011,S2-491729969,S2-65284847,S2-744384640,S2-903046871,S3-101036051,S3-135907540,S3-817161138
S1-459183905	S2-136996306,S2-158678843,S2-261228864,S2-371153547,S2-382992771,S2-850775657,S2-936163128,S2-952382616,S2-979401692,S3-332198782,S3-382328733,S3-466990124,S3-510694856,S3-552599122,S3-606536333,S3-656099387,S3-790378506,S3-974339074
S1-782456413	S2-200057613,S2-226188917,S2-232929346,S2-258274492,S2-436970609,S2-691788561,S2-910429483,S2-911595810,S2-97743947,S3-122921708,S3-180083185,S3-258829439,S3-287052653,S3-361903786,S3-578791040,S3-768621721,S3-967822899,S3-975766430
S1-687813152	
S1-528962373	
S1-133484055	S2-914966490,S2-99389198,S3-562405908
S1-784673398	
S1-162954117	S3-864795579
S1-547053441	
S1-302536542	S2-157523293,S2-170630707,S2-207058484,S2-296970186,S2-344390896,S2-524583546,S2-585585464,S2-597052962,S2-633888738,S2-635662750,S2-678850457,S3-197707249,S3-227184579,S3-299416924,S3-372175398,S3-549442674,S3-586814730,S3-62772223,S3-701384495,S3-925180068,S3-999424305
S1-457601305	S2-626751523,S3-43287083
S1-488635826	
S1-349698918	
S1-72706873	S2-187370452,S2-371081628,S2-429226728,S2-446761313,S2-836837505,S3-103549817,S3-197411819,S3-277065374,S3-691688764,S3-74427391
S1-78029452	S2-270257041,S2-361094954,S2-484483494,S2-799103240,S2-815296655,S2-954304309,S3-255883482,S3-459062046,S3-592645237,S3-891899299,S3-956930840
S1-717385838	
S1-11379912	S2-158086966,S2-845296791,S3-267270268,S3-384725726,S3-950311269,S3-976680964
S1-655700316	S2-466826808,S3-279715184,S3-355506507,S3-717545745
S1-484349079	
S1-595486290	S2-139451084,S2-169339199,S2-304673281,S2-362298658,S2-411967947,S2-493543131,S2-688561435,S2-743560781,S2-960740219,S2-978307502,S3-157906466,S3-284702369,S3-654514302,S3-752467478,S3-753164863
S1-889012090	
S1-748500004	S2-160986084,S2-484033885,S2-682012487,S2-864136348,S3-165648305,S3-3146462,S3-345033405,S3-379013464,S3-848757791
S1-587404171	S2-761740572
S1-986604838	S2-823976661,S3-430461357
S1-766408899	S2-124406055,S2-55418957,S2-853340368,S3-357708997,S3-445314633,S3-460581846,S3-470707524,S3-840218487,S3-98186645
S1-507163415	S2-241699195,S2-276026788,S2-433684739,S2-800675490,S2-867324975,S3-22577374,S3-229963061,S3-253728264,S3-466126064,S3-554761721,S3-723733549,S3-847902959,S3-891390001,S3-916140155,S3-953947930
S1-873761236	S2-17479886,S2-454447953,S2-690368889,S3-260280729,S3-261463289,S3-264153527,S3-393476343,S3-479259215,S3-73001146,S3-968408145
S1-655802552	
S1-327983313	S2-145315497,S2-151772630,S2-172931439,S2-205258802,S2-22034959,S2-270521088,S2-333797245,S2-375611524,S2-406414266,S2-463366311,S2-481010747,S2-525544135,S2-562046488,S2-563202302,S2-564160312,S2-578321005,S2-672458933,S2-777926654,S2-778054427,S2-783711706,S2-789238637,S2-805068624,S2-805328552,S2-824266066,S2-83210015,S2-835343544,S2-851636302,S2-861216758,S2-87473476,S2-946828495,S2-949382251,S2-989931439,S3-155137912,S3-231992200,S3-246690251,S3-262561718,S3-289000533,S3-43782514,S3-513583430,S3-533188670,S3-538579257,S3-570216123,S3-580252602,S3-669066186,S3-76562507,S3-767454070,S3-795894021,S3-801858031,S3-885753441,S3-995733240
S1-77383698	S2-106040943,S2-322679152,S2-347685480,S2-598312557,S2-744098365,S3-132198355,S3-245669549,S3-605923847,S3-647541936,S3-65006793,S3-662956244,S3-742213830
S1-273531258	S2-270257041,S2-361094954,S2-484483494,S2-799103240,S2-815296655,S2-954304309,S3-255883482,S3-459062046,S3-592645237,S3-891899299,S3-956930840
S1-772535560	
S1-598136304	S2-896768736,S3-125349995,S3-344640715
S1-789788578	S2-191769508,S2-37973025,S2-750470469,S3-503130111,S3-745062105
S1-346777444	S2-880373574,S3-201635373,S3-376378561,S3-889392232
S1-544222533	S2-980090702,S3-688194826
S1-493959729	S2-138070868,S2-159767476,S2-162343921,S2-203520208,S2-333794572,S2-404433856,S2-46776363,S2-582941382,S2-803775063,S2-85673195,S2-909026146,S2-9185162,S2-981714593,S3-134959390,S3-173401907,S3-216167133,S3-289836575,S3-311368097,S3-31186638,S3-312169458,S3-378358364,S3-488950043,S3-852939504,S3-973665746
S1-430462466	S2-109800469,S2-305794617,S2-492690381,S2-592287673,S2-768694729,S2-798589387,S2-902880487,S3-141829391,S3-426617067,S3-726527220,S3-901997932
S1-792204527	S2-450649420,S2-716863503,S2-960258531,S2-994654970,S3-198973907,S3-399738814
S1-788563249	S2-289037449
S1-198662647	
S1-431137009	S2-484457398,S2-640125564,S3-257471680
S1-22335277	
S1-291584542	S2-164358904,S2-186023919,S2-261011595,S2-348428540,S2-391663677,S2-528929761,S2-630817745,S2-655126762,S2-758737311,S3-109368624,S3-132977414,S3-185580229,S3-243515600,S3-300517012,S3-39853179,S3-430704048,S3-50281059,S3-542159634,S3-604883637,S3-739606609,S3-839317527
S1-556611862	S2-204135404,S2-334939365,S2-378899921,S2-456609209,S2-57997145,S2-970392758,S3-397998767,S3-507818072,S3-775201033,S3-781072071,S3-943611546
S1-32767080	S2-247001889
S1-242691036	S2-438574200,S2-446226433,S2-538322067,S2-650268734,S2-672392100,S2-751803074,S3-710005777,S3-739895897
S1-770890247	S2-433321114,S2-552834852,S2-65802161,S3-896577132
S1-276402071	S2-612069316,S2-757965845,S2-977401479,S3-38148457
S1-936869465	
S1-201994316	S2-136103122,S2-253997818,S2-40967078,S2-89663826,S3-499623421,S3-62404537,S3-794713116,S3-951544998
S1-905520099	S2-514933653,S2-584421286,S2-615015424,S2-991288907,S3-265359996,S3-695129688,S3-782341251
S1-766655509	
S1-415414688	S2-204135404,S2-334939365,S2-378899921,S2-456609209,S2-57997145,S2-970392758,S3-397998767,S3-507818072,S3-775201033,S3-781072071,S3-943611546
S1-133928599	S2-100293042,S2-163228105,S2-169037041,S2-207439352,S2-313865175,S2-466521198,S2-585918330,S2-64479721,S2-665327497,S2-800542765,S2-862578020,S3-174595742,S3-258552232,S3-398217573,S3-435304612,S3-55314584,S3-611447625,S3-742526233,S3-806253339,S3-821572423,S3-853096152
S1-871112769	S2-148202605,S2-276975445,S2-514477715,S2-516736084,S2-883799231,S3-233882157,S3-23518063,S3-36221036,S3-492131586,S3-566162301,S3-580297488,S3-696238121,S3-738601650,S3-813037581,S3-815098380,S3-839414204,S3-997870187
S1-948985690	
S1-653149647	S2-157523293,S2-170630707,S2-207058484,S2-296970186,S2-344390896,S2-524583546,S2-585585464,S2-597052962,S2-633888738,S2-635662750,S2-678850457,S3-197707249,S3-227184579,S3-299416924,S3-372175398,S3-549442674,S3-586814730,S3-62772223,S3-701384495,S3-925180068,S3-999424305
S1-657251225	
S1-244474490	
S1-857992844	S2-108012128,S2-508053426,S2-532908725,S2-54659577,S2-647742770,S2-708344432,S3-296546349,S3-59998209,S3-654987910,S3-774839719,S3-993374277
S1-197043206	S2-121889451,S2-468086286,S2-750817241,S2-764629564,S2-898277188,S2-955876497,S2-960407922,S2-968505057,S3-136619053,S3-161800995,S3-201822629,S3-227274147,S3-282842777,S3-293708747,S3-398571264,S3-500611352,S3-616747941,S3-705641396,S3-831697299,S3-927866807
S1-269094403	S2-129978017,S2-245655643,S2-997149889,S3-585727029,S3-828183554
S1-355078971	S2-145315497,S2-151772630,S2-172931439,S2-205258802,S2-22034959,S2-270521088,S2-333797245,S2-375611524,S2-406414266,S2-463366311,S2-481010747,S2-525544135,S2-562046488,S2-563202302,S2-564160312,S2-578321005,S2-672458933,S2-777926654,S2-778054427,S2-783711706,S2-789238637,S2-805068624,S2-805328552,S2-824266066,S2-83210015,S2-835343544,S2-851636302,S2-861216758,S2-87473476,S2-946828495,S2-949382251,S2-989931439,S3-155137912,S3-231992200,S3-246690251,S3-262561718,S3-289000533,S3-43782514,S3-513583430,S3-533188670,S3-538579257,S3-570216123,S3-580252602,S3-669066186,S3-76562507,S3-767454070,S3-795894021,S3-801858031,S3-885753441,S3-995733240
S1-51627651	S2-275369766
S1-288364156	S3-622017603,S3-658460969
S1-500222888	S2-283613100,S2-386176405,S3-64810791
S1-247274429	S2-348752606,S2-551488634,S2-591480430,S2-663700902,S2-9410084,S2-949044369,S2-963955912,S3-510160241,S3-574059974,S3-599084972
S1-260204874	S2-234200980,S2-258187741,S2-609571259,S2-651671642,S3-414627989,S3-523374695,S3-744350656,S3-780383003,S3-815732391
S1-511066423	S2-262398612,S2-387211243,S2-396151865,S2-810425725,S2-953315150,S3-142665600,S3-195278099,S3-434729821,S3-436480804,S3-503430799,S3-796337435,S3-81251162
S1-605505884	S3-490900710
S1-882791035	S2-430858444,S2-502945342,S2-533213025,S2-591347284,S2-641573538,S2-687266227,S2-752642519,S2-766716297,S2-862491071,S2-879745998,S3-101707804,S3-539478866,S3-540353197,S3-648936950,S3-67441115,S3-776479150,S3-899861883,S3-927313266,S3-932867202
S1-868105169	S2-121889451,S2-468086286,S2-750817241,S2-764629564,S2-898277188,S2-955876497,S2-960407922,S2-968505057,S3-136619053,S3-161800995,S3-201822629,S3-227274147,S3-282842777,S3-293708747,S3-398571264,S3-500611352,S3-616747941,S3-705641396,S3-831697299,S3-927866807
S1-764707596	
S1-962993818	S2-370489674,S3-877760907
S1-608940471	S2-347595488,S2-4041114
S1-346760887	S2-237461185,S2-73414654,S2-739709086,S3-154722221,S3-165479965,S3-234656137,S3-250093055,S3-651489735,S3-739484686,S3-911199916
S1-597621907	S2-145315497,S2-151772630,S2-172931439,S2-205258802,S2-22034959,S2-270521088,S2-333797245,S2-375611524,S2-406414266,S2-463366311,S2-481010747,S2-525544135,S2-562046488,S2-563202302,S2-564160312,S2-578321005,S2-672458933,S2-777926654,S2-778054427,S2-783711706,S2-789238637,S2-805068624,S2-805328552,S2-824266066,S2-83210015,S2-835343544,S2-851636302,S2-861216758,S2-87473476,S2-946828495,S2-949382251,S2-989931439,S3-155137912,S3-231992200,S3-246690251,S3-262561718,S3-289000533,S3-43782514,S3-513583430,S3-533188670,S3-538579257,S3-570216123,S3-580252602,S3-669066186,S3-76562507,S3-767454070,S3-795894021,S3-801858031,S3-885753441,S3-995733240
S1-36048451	S2-106341849,S2-200454250,S2-236730713,S2-424998513,S2-485885002,S2-570347335,S2-677910159,S2-704409228,S2-751407165,S2-861422809,S3-142534241,S3-249548916,S3-269283294,S3-340665809,S3-377978037,S3-438945245,S3-447259837,S3-636367698,S3-658846820,S3-724890250,S3-823559113,S3-823935201,S3-835801910,S3-908996282
S1-98985291	S2-126608465,S2-212835906,S2-545840360,S2-753945924,S2-759355073,S2-841197515,S3-210636387,S3-312512383,S3-386500136,S3-612044641,S3-706010386,S3-908156758
S1-368908513	S2-119341457,S2-237209707,S2-273093864,S2-299959026,S2-386113796,S2-386330313,S2-416962807,S2-576657941,S2-587849824,S2-604170429,S2-609923135,S2-663959226,S2-862000237,S2-919239980,S2-928993429,S2-947488596,S2-948180855,S2-985874682,S2-992731247,S3-100799892,S3-1532315,S3-192887240,S3-249624801,S3-257069189,S3-310213773,S3-329392127,S3-377331363,S3-4402421,S3-460640416,S3-553384344,S3-568445343,S3-605278522,S3-612452286,S3-696336723,S3-738758511,S3-739386281,S3-870588828,S3-871833668,S3-918266000,S3-935354109,S3-939100883,S3-991179212
S1-504750404	S2-207998815,S2-555357043,S2-797348450,S3-417960204,S3-722332764
S1-687138169	S2-37424835,S3-238714505,S3-776069779
S1-576111952	
S1-907329636	S2-704784114,S3-281302626,S3-410392259,S3-878948097,S3-913254865
S1-220372723	S2-157096009,S2-208890076,S2-342720491,S2-401195970,S2-409548110,S2-454860021,S2-565787935,S2-864742293,S2-965534736,S3-139562810,S3-186875006,S3-251522598,S3-278471721,S3-330504048,S3-339215876,S3-533630743,S3-631007358,S3-66509585,S3-681546386,S3-764156649
S1-591377734	S2-174267507,S2-296064086,S2-308862519,S2-33330290,S2-42376148,S2-436503412,S2-77668832,S3-111867863,S3-219206801,S3-376422541,S3-389774963,S3-546731906,S3-913148143
S1-915233460	
S1-808794467	
S1-119248132	S2-247909335,S2-362276470,S2-56810183,S2-589929273,S2-66532234,S2-718494723,S2-881978571,S2-927066589,S2-94978785,S3-103232508,S3-148485844,S3-207376252,S3-35559896,S3-57170148,S3-61231549,S3-66101661,S3-714209281,S3-808306486,S3-934314799,S3-957594577,S3-962628406
S1-710758303	S2-158086966,S2-845296791,S3-267270268,S3-384725726,S3-950311269,S3-976680964
S1-105001584	S2-198931605,S2-268353900,S2-299685676,S2-462933950,S2-569777652,S2-857944178,S3-221408798,S3-285620374,S3-341398575,S3-343934684,S3-347732726,S3-627410971,S3-742720087,S3-75604340,S3-763710798,S3-854398958,S3-899040971,S3-966015395
S1-382212549	
S1-35578091	S3-106514182,S3-327508728,S3-716919318,S3-740996897,S3-791172525,S3-815796924
S1-34932143	S2-139431889,S2-351805720,S2-54976098,S2-581613463,S2-753864241,S2-772877325,S3-577972146,S3-696693948,S3-883789863
S1-545791724	S2-119978591,S2-168671268,S2-235080344,S2-542091612,S2-577204741,S3-104011290,S3-1062100,S3-261286920
S1-869422569	S2-191769508,S2-37973025,S2-750470469,S3-503130111,S3-745062105
S1-844617434	S2-144384317,S2-275712222,S2-348325314,S2-574723490,S2-686936746,S2-742169755,S2-753125951,S2-784517142,S2-841071717,S2-864313719,S2-927301259,S3-150632472,S3-186643937,S3-582475142
S1-488174268	S2-113699186,S2-232181140,S2-2920056,S2-491551718,S2-610451376,S2-780753938,S2-891742869,S3-188434105,S3-262204016,S3-799847673,S3-890557317
S1-963501196	S2-412882978,S2-717773569
S1-531518308	S2-625404541
S1-288588262	S2-110404819,S2-506313032,S2-539746540,S2-553066829,S2-663122922,S2-679511832,S2-946302052,S2-953716152,S2-966199289,S3-169586530,S3-354399672,S3-479654564,S3-875387990,S3-883723316,S3-913729161
S1-94665545	S2-399080334,S2-410411373,S2-526493060,S2-670406970,S2-678373967,S2-80818105,S2-930087891,S2-949300513,S2-971367727,S3-172026567,S3-338432074,S3-46929237,S3-795781092
S1-460829054	S2-687165160,S2-932750849
S1-817207769	S2-185531373,S2-490033598,S2-906594195,S2-94146326,S3-719297797
S1-923121813	S2-119978591,S2-168671268,S2-235080344,S2-542091612,S2-577204741,S3-104011290,S3-1062100,S3-261286920
S1-937797030	S2-107450786,S2-12818782,S2-300390339,S2-713560237,S2-769859088,S3-309207394,S3-638463184,S3-832173854,S3-841875587
S1-305324409	S2-206048699,S2-321502572,S2-411773002,S2-666316775,S2-972087927,S2-980552823,S3-308389620,S3-706944390,S3-776030941,S3-826439882
S1-927419156	S2-199021860,S2-207475754,S2-259971131,S2-300418926,S2-324022434,S2-337630109,S2-354323098,S2-728600537,S2-755580789,S2-797876474,S2-805826813,S2-830655236,S2-862159216,S3-38186343,S3-402077562,S3-425451804,S3-566474728,S3-623606901,S3-629743833,S3-742790373,S3-757735462,S3-788075081,S3-892319511
S1-261393939	
S1-158003567	S2-107247249,S2-124573596,S2-134329598,S2-497158970,S2-597615869,S2-651613970,S2-996704148,S3-124123480,S3-378709231,S3-626087419,S3-931597542
S1-772204055	S2-534748436,S3-767676371
S1-901881022	S2-459485143,S2-912224990,S3-477828510,S3-953042337
S1-958709603	S2-75071353
S1-864062904	S2-139507072,S2-18558428,S2-203621534,S2-251311805,S2-260839023,S2-273599220,S2-595812239,S2-665520150,S2-727918292,S2-80525362,S3-190345341,S3-268325388,S3-384633279,S3-542174661,S3-544100996,S3-623589664,S3-756831859
S1-389115869	S2-880133523,S2-974333160,S3-764958970,S3-832743389,S3-850244002
S1-32131273	S2-703096481,S3-368251788,S3-430272493
S1-485290093	
S1-449015682	S2-110979820,S2-174129066,S2-240701637,S2-48725229,S2-524196193,S2-532077042,S2-54101700,S2-73196616,S2-780725709,S2-940603889,S2-972461738,S3-244033339,S3-253977022,S3-279593139,S3-320865987,S3-370642320,S3-371325224,S3-421327887,S3-56250000,S3-674070956,S3-708159653,S3-773018551,S3-793008679,S3-963242645
S1-273693856	S2-149728276,S2-171518968,S2-254657203,S2-266077862,S2-372739703,S2-374632896,S2-724191712,S3-700236919,S3-966021760,S3-993467614
S1-216847975	S2-100405043,S2-278570858,S2-573454754,S2-595265518,S2-827108193,S2-884040388,S3-130513062,S3-238774081,S3-500389439
S1-942180728	S2-282416839,S2-348692468,S3-158178377,S3-220066794,S3-796280583
S1-704576365	S2-520641242
S1-706359294	S2-409717420,S2-440104204,S2-571755639,S2-911722555,S2-990897950,S3-212809372,S3-277477504,S3-334325233,S3-354193409,S3-451401837,S3-527660042,S3-746507879,S3-80000045,S3-923888648
S1-688852755	S2-110199306
S1-501963178	S2-590388988,S2-625718384,S2-628882694,S3-434252808,S3-932355730
S1-428039663	S3-562387910,S3-634681848
S1-394925431	
S1-29387523	S2-211092999,S2-271907774,S2-293830644,S2-451766122,S2-496883836,S2-967080091,S2-973074537,S3-141930108,S3-217427762,S3-349927888,S3-546809841,S3-711430755,S3-741835199,S3-762840029,S3-781299150,S3-858159591,S3-982827473
S1-960221997	
S1-369896511	S2-409717420,S2-440104204,S2-571755639,S2-911722555,S2-990897950,S3-212809372,S3-277477504,S3-334325233,S3-354193409,S3-451401837,S3-527660042,S3-746507879,S3-80000045,S3-923888648
S1-973133967	
S1-957109842	S2-952858710,S3-273172824,S3-491289492,S3-543088599,S3-617182114,S3-658540966,S3-754387270,S3-958657712,S3-965887878
S1-718126154	
S1-657028371	S2-196961560,S2-486449821,S2-971735868
S1-122221465	S2-240202044,S2-285112807,S2-33484368,S2-348309342,S2-372153637,S2-413929417,S2-49105661,S2-528686133,S2-912619584,S2-984881146,S3-441448564,S3-622017468,S3-73658331
S1-241758739	
S1-292853265	S2-23871542,S2-630503409,S2-666211711,S3-240733649,S3-281100873,S3-284715638,S3-53603101,S3-669498794,S3-728302984,S3-748187861,S3-761381154
S1-563412246	S2-242438985,S2-487584376,S2-504393659,S2-568370010,S2-57063876,S2-617546497,S2-667838369,S2-936130151,S2-947116767,S2-987123781,S2-998468748,S3-162626400,S3-222120,S3-229308777,S3-52491675,S3-707502882,S3-937510720
S1-635915279	S2-106551742,S2-113094640,S2-172066960,S2-175042336,S2-202706398,S2-228653453,S2-271491371,S2-293556261,S2-306547398,S2-31342025,S2-341862186,S2-367817806,S2-387967930,S2-39306652,S2-405268363,S2-446572169,S2-447902259,S2-481113885,S2-484993653,S2-505969853,S2-518055291,S2-542465307,S2-552422416,S2-576201028,S2-577711295,S2-62323312,S2-623298671,S2-624429937,S2-665202231,S2-68168899,S2-687579762,S2-699803129,S2-720850258,S2-786114875,S2-859602057,S2-910561013,S2-923816782,S2-934144650,S2-94145774,S2-946046517,S2-947896922,S2-959392634,S2-96867962,S2-98240836,S3-10300249,S3-155795126,S3-170975522,S3-374810425,S3-965405807,S3-96795509
S1-257953143	S2-644077752,S2-952319704,S3-28487348,S3-300948918,S3-443567711,S3-597801182,S3-662462001,S3-864302896,S3-991123962
S1-935953663	S2-134222053,S2-291838259,S2-621647150,S2-732641367,S2-813141169,S3-289567021,S3-549513530,S3-907055186,S3-945359475
S1-66970748	S2-145315497,S2-151772630,S2-172931439,S2-205258802,S2-22034959,S2-270521088,S2-333797245,S2-375611524,S2-406414266,S2-463366311,S2-481010747,S2-525544135,S2-562046488,S2-563202302,S2-564160312,S2-578321005,S2-672458933,S2-777926654,S2-778054427,S2-783711706,S2-789238637,S2-805068624,S2-805328552,S2-824266066,S2-83210015,S2-835343544,S2-851636302,S2-861216758,S2-87473476,S2-946828495,S2-949382251,S2-989931439,S3-155137912,S3-231992200,S3-246690251,S3-262561718,S3-289000533,S3-43782514,S3-513583430,S3-533188670,S3-538579257,S3-570216123,S3-580252602,S3-669066186,S3-76562507,S3-767454070,S3-795894021,S3-801858031,S3-885753441,S3-995733240
S1-613214928	S2-106131253,S2-181438613,S2-19953999,S2-204417353,S2-456960119,S2-503805402,S2-541960990,S2-550625611,S2-728794279,S2-767759414,S2-783082192,S3-127955122,S3-13286575,S3-13644754,S3-234739408,S3-283300363,S3-316083080,S3-39219004,S3-421243982,S3-471889293,S3-506810019,S3-535972716,S3-628663985,S3-697751528,S3-783843091,S3-853704128,S3-885192903,S3-91625048
S1-68168779	
S1-181117450	S2-620198752,S2-697180103,S2-760938661,S3-558280186,S3-579378683
S1-337798606	S2-402158550,S2-420358630,S2-432415976,S2-44290848,S2-471712099,S2-676090398,S2-68441818,S2-695952869,S2-938237512,S2-975659148,S3-660173531,S3-863521415,S3-867086595,S3-946791204
S1-877808612	S3-662079712
S1-991838189	S2-113326832,S2-213410962,S2-225538585,S2-285450678,S2-303014768,S2-315328338,S2-512860425,S2-522562820,S2-724700602,S2-889891267,S2-935678953,S2-985055685,S2-989098108,S3-121571566,S3-273272215,S3-31888634,S3-334356676,S3-350733729,S3-38955982,S3-4886539,S3-496087702,S3-609556235,S3-664375045,S3-677352980,S3-698630993,S3-737363811,S3-743825885,S3-759564257,S3-800141967,S3-802883757,S3-824732621,S3-846163852,S3-869386678
S1-415245659	S2-237461185,S2-73414654,S2-739709086,S3-154722221,S3-165479965,S3-234656137,S3-250093055,S3-651489735,S3-739484686,S3-911199916
S1-860794391	
S1-590126941	S2-340420883,S2-37879649,S2-379810610,S2-755369363,S2-825925066,S2-883036053,S2-997094088,S3-261118865,S3-307132570,S3-780900428
S1-852807313	S2-106551742,S2-113094640,S2-172066960,S2-175042336,S2-202706398,S2-228653453,S2-271491371,S2-293556261,S2-306547398,S2-31342025,S2-341862186,S2-367817806,S2-387967930,S2-39306652,S2-405268363,S2-446572169,S2-447902259,S2-481113885,S2-484993653,S2-505969853,S2-518055291,S2-542465307,S2-552422416,S2-576201028,S2-577711295,S2-62323312,S2-623298671,S2-624429937,S2-665202231,S2-68168899,S2-687579762,S2-699803129,S2-720850258,S2-786114875,S2-859602057,S2-910561013,S2-923816782,S2-934144650,S2-94145774,S2-946046517,S2-947896922,S2-959392634,S2-96867962,S2-98240836,S3-10300249,S3-155795126,S3-170975522,S3-374810425,S3-965405807,S3-96795509
S1-643209618	
S1-581863940	S2-656156067,S2-725167020,S3-940726148
S1-225821819	S2-185013334,S2-188368209,S2-237974048,S2-297579015,S2-838961009,S3-103384644,S3-233262922,S3-28391425,S3-370735604,S3-398663305,S3-400189525,S3-592773961,S3-607404491,S3-64079929,S3-644782724,S3-676594819,S3-75881415,S3-888965124,S3-944432312,S3-978862386
S1-778630887	
S1-377916068	S2-116390537,S2-1258962,S2-177873237,S2-248233059,S2-256848140,S2-270019533,S2-282832343,S2-307956418,S2-313905133,S2-332771680,S2-388594236,S2-39832293,S2-406825129,S2-44528425,S2-468679211,S2-493391928,S2-543720234,S2-547681647,S2-567273417,S2-59192725,S2-631498537,S2-639250156,S2-64076813,S2-64960194,S2-654562074,S2-667998932,S2-677512797,S2-681782072,S2-77137709,S2-805046231,S2-810544429,S2-813354914,S2-827490060,S2-867640379,S2-902293027,S2-90928248,S2-923308925,S2-923432289,S2-93393917,S2-936193093,S2-943071781,S2-943192804,S2-973829984,S3-220702244,S3-236881445,S3-549298,S3-674207500,S3-844042071,S3-909974680,S3-96366507
S1-37907520	S2-106341849,S2-200454250,S2-236730713,S2-424998513,S2-485885002,S2-570347335,S2-677910159,S2-704409228,S2-751407165,S2-861422809,S3-142534241,S3-249548916,S3-269283294,S3-340665809,S3-377978037,S3-438945245,S3-447259837,S3-636367698,S3-658846820,S3-724890250,S3-823559113,S3-823935201,S3-835801910,S3-908996282
S1-637166800	
S1-352595333	
S1-333194875	
S1-260721574	S2-11289213,S2-114346046,S2-149492730,S2-187280636,S2-196430197,S2-232369974,S2-259272566,S2-267512484,S2-307656815,S2-336821634,S2-383250982,S2-440275977,S2-553131106,S2-578696051,S2-701569888,S2-712589867,S2-731381882,S2-797734182,S2-847002995,S2-934199330,S2-941338685,S2-94963167,S3-135262039,S3-171074822,S3-192596980,S3-224734353,S3-427563272,S3-540294624,S3-713718131,S3-784451810,S3-856892486,S3-89737646,S3-926504171,S3-955316494
S1-677484813	
S1-568320501	
S1-759995112	S3-79353936
S1-443768681	
S1-170472252	S2-31024612,S2-37106329,S2-687964286,S2-78267304,S3-10360627,S3-131564399,S3-467829530,S3-554561715,S3-560108365,S3-947224654,S3-998016659
S1-311511012	
S1-224275529	S2-164358904,S2-186023919,S2-261011595,S2-348428540,S2-391663677,S2-528929761,S2-630817745,S2-655126762,S2-758737311,S3-109368624,S3-132977414,S3-185580229,S3-243515600,S3-300517012,S3-39853179,S3-430704048,S3-50281059,S3-542159634,S3-604883637,S3-739606609,S3-839317527
S1-427329185	S2-164709711,S2-443010360,S2-962455440,S3-89277467
S1-417606815	S2-204135404,S2-334939365,S2-378899921,S2-456609209,S2-57997145,S2-970392758,S3-397998767,S3-507818072,S3-775201033,S3-781072071,S3-943611546
S1-488457630	S2-419824011,S2-491729969,S2-65284847,S2-744384640,S2-903046871,S3-101036051,S3-135907540,S3-817161138
S1-818470647	
S1-534346740	S2-308418230,S2-503434250,S2-590554293,S2-799684633,S2-898376436,S3-547831888,S3-622182382,S3-927424644
S1-729626041	S2-399080334,S2-410411373,S2-526493060,S2-670406970,S2-678373967,S2-80818105,S2-930087891,S2-949300513,S2-971367727,S3-172026567,S3-338432074,S3-46929237,S3-795781092
S1-204633959	S3-309060972
S1-155512047	S2-183205834,S2-267499835,S2-352931738,S2-383030202,S2-58393536,S2-787014225,S3-14822821,S3-167399967,S3-537931868,S3-661881573,S3-769829101,S3-934627663
S1-553186193	S2-200057613,S2-226188917,S2-232929346,S2-258274492,S2-436970609,S2-691788561,S2-910429483,S2-911595810,S2-97743947,S3-122921708,S3-180083185,S3-258829439,S3-287052653,S3-361903786,S3-578791040,S3-768621721,S3-967822899,S3-975766430
S1-42502314	S2-438574200,S2-446226433,S2-538322067,S2-650268734,S2-672392100,S2-751803074,S3-710005777,S3-739895897
S1-317114355	S2-157009014,S2-193192546,S2-284777044,S2-457753565,S2-621212069,S2-91100310,S2-991869053,S3-102646557,S3-119482634,S3-24139544,S3-257866797,S3-300797169,S3-30381899,S3-32557122,S3-649109731,S3-80602358,S3-919029749,S3-990105007
S1-334574390	S2-144626367,S2-348551415,S2-352215857,S2-498001172,S2-523707559,S2-577525890,S2-584760377,S2-59167736,S2-645552896,S2-819778009,S2-870061051,S3-16078484,S3-170479705,S3-179214561,S3-222200982,S3-317956827,S3-372117999,S3-45552396,S3-688593102,S3-797598442,S3-81537653,S3-815706232,S3-950165485
S1-649110450	S3-993852385
S1-533417053	S2-16765931,S2-225669942,S2-247144607,S2-269300058,S2-33989518,S2-374478891,S2-382196291,S2-429414207,S2-496433797,S2-561605456,S2-725894842,S2-980281177,S3-133569925,S3-153885777,S3-260378726,S3-324792015,S3-45364968,S3-677557632,S3-747940647,S3-820273363
S1-152550844	S2-106302105,S2-167404095,S2-171106432,S2-205673722,S2-231978756,S2-254237917,S2-385507714,S2-495179311,S2-550575729,S2-621702363,S2-669641587,S2-711782291,S2-714159457,S2-721675766,S2-732602678,S2-773299493,S2-779040268,S2-978100588,S2-989006664,S2-990393867,S3-159233685,S3-17081506,S3-211675770,S3-2236344,S3-250625656,S3-287338294,S3-375705641,S3-522214407,S3-54058639,S3-548097310,S3-579498448,S3-606370443,S3-607443480,S3-758735081,S3-803739853,S3-804274330,S3-82573141,S3-900509177,S3-900511946,S3-994099841
S1-643493833	S2-147498899,S2-575775738,S2-682253147,S3-237712181,S3-367901084
S1-734921625	S2-450649420,S2-716863503,S2-960258531,S2-994654970,S3-198973907,S3-399738814
S1-68108533	S2-138070868,S2-159767476,S2-162343921,S2-203520208,S2-333794572,S2-404433856,S2-46776363,S2-582941382,S2-803775063,S2-85673195,S2-909026146,S2-9185162,S2-981714593,S3-134959390,S3-173401907,S3-216167133,S3-289836575,S3-311368097,S3-31186638,S3-312169458,S3-378358364,S3-488950043,S3-852939504,S3-973665746
S1-789286562	S2-272560848
S1-493735795	S2-104769383,S2-367421312,S2-572406967,S2-600860109,S2-80200813,S2-918973885,S2-996688177,S3-107757096,S3-352850582,S3-555755015,S3-710805509,S3-714965808,S3-814843124,S3-867263634,S3-870867359
S1-870309113	S2-424599291,S2-719605285,S2-753325030,S2-85144335,S3-115390426,S3-124263632,S3-317735431,S3-447228643,S3-563137754,S3-591923711,S3-60718083,S3-617542417,S3-713591626,S3-772851894,S3-802796315,S3-870558068,S3-929416102,S3-932686955
S1-755184527	S2-578788567,S2-695812164,S2-871541378,S2-906255068
S1-741750910	S2-573108388,S2-585310464,S2-593565156,S2-790219826,S2-836553957,S2-851224804,S3-694958387,S3-868643410
S1-396704474	S2-891068902,S3-134196859,S3-814128655,S3-904792339
S1-77449994	S2-412882978,S2-717773569
S1-607302089	S2-421938319,S2-477864117,S2-852001709,S3-182239647,S3-20314174,S3-343106529,S3-4343799,S3-441474393,S3-824704921,S3-871404712,S3-926214748
S1-80873383	S2-108012128,S2-508053426,S2-532908725,S2-54659577,S2-647742770,S2-708344432,S3-296546349,S3-59998209,S3-654987910,S3-774839719,S3-993374277
S1-194589041	S2-656156067,S2-725167020,S3-940726148
S1-550464269	S2-207875527,S2-650181886
S1-405440827	S2-134222053,S2-291838259,S2-621647150,S2-732641367,S2-813141169,S3-289567021,S3-549513530,S3-907055186,S3-945359475
S1-500922440	
S1-111694025	
S1-760235082	S2-712251611,S3-128192838,S3-534340875,S3-798294869,S3-8997052
S1-445143782	
S1-17665971	S2-150268141,S2-224414385,S2-581549782,S2-737499898,S2-77012618,S2-784720932,S2-806209738,S2-865500418,S2-88977929,S3-168605175,S3-273133357,S3-38197713,S3-514174091,S3-545765346,S3-949501293
S1-131623880	S2-682246798
S1-453383072	S2-116390537,S2-1258962,S2-177873237,S2-248233059,S2-256848140,S2-270019533,S2-282832343,S2-307956418,S2-313905133,S2-332771680,S2-388594236,S2-39832293,S2-406825129,S2-44528425,S2-468679211,S2-493391928,S2-543720234,S2-547681647,S2-567273417,S2-59192725,S2-631498537,S2-639250156,S2-64076813,S2-64960194,S2-654562074,S2-667998932,S2-677512797,S2-681782072,S2-77137709,S2-805046231,S2-810544429,S2-813354914,S2-827490060,S2-867640379,S2-902293027,S2-90928248,S2-923308925,S2-923432289,S2-93393917,S2-936193093,S2-943071781,S2-943192804,S2-973829984,S3-220702244,S3-236881445,S3-549298,S3-674207500,S3-844042071,S3-909974680,S3-96366507
S1-573827896	S2-880373574,S3-201635373,S3-376378561,S3-889392232
S1-740059747	S2-896768736,S3-125349995,S3-344640715
S1-979645754	S2-204135404,S2-334939365,S2-378899921,S2-456609209,S2-57997145,S2-970392758,S3-397998767,S3-507818072,S3-775201033,S3-781072071,S3-943611546
S1-5694837	
S1-895155435	S2-164709711,S2-443010360,S2-962455440,S3-89277467
S1-552090769	
S1-444520529	S2-84952005,S3-653670562,S3-683291192,S3-73755756
S1-481259122	S2-209534431,S2-258208130,S2-265823668,S2-353402145,S2-550738304,S2-632440779,S2-769651124,S2-809665812,S3-10070204,S3-111698194,S3-154284796,S3-267398314,S3-293567316,S3-365545709,S3-374731062,S3-38621223,S3-412563770,S3-544303624,S3-606193838,S3-829041156,S3-860788027,S3-916685476
S1-170318976	S2-317480348,S2-36390503,S2-409384737,S2-702024449,S2-756760180,S2-806661640,S3-26572447,S3-573076105,S3-6695593,S3-79267718,S3-825290001,S3-92954931
S1-254586049	S2-225835857,S2-610060253,S3-693837253
S1-626957328	
S1-820877559	S2-329191912,S2-523440058,S2-901270840,S2-996446311,S3-281837290,S3-58629609
S1-111296778	S3-106229224,S3-149275720,S3-534066918
S1-847310129	S2-152000251,S2-16706628,S2-167281889,S2-39872285,S2-426121095,S2-510635651,S2-525621964,S2-558211503,S2-631563082,S2-664411184,S2-722659922,S2-830131819,S2-872782933,S2-889538824,S2-939972778,S2-957129286,S3-157120691,S3-266018996,S3-282539557,S3-501094211,S3-591790934,S3-674272045,S3-955767277
S1-546941880	S2-708416992,S3-445543631
S1-697980001	S2-697742552,S2-945808307,S2-987744816,S3-403852704
S1-338401200	S2-250407423,S2-322554268,S2-32353150,S2-431261713,S2-551467333,S2-555191263,S2-597052728,S2-650902683,S2-7204821,S2-772019937,S2-98348512,S3-175597654,S3-395400724,S3-587889709,S3-61440600,S3-619172070,S3-626034570,S3-736798421,S3-769518935,S3-821925805,S3-864981389,S3-86712625
S1-501819870	S2-200057613,S2-226188917,S2-232929346,S2-258274492,S2-436970609,S2-691788561,S2-910429483,S2-911595810,S2-97743947,S3-122921708,S3-180083185,S3-258829439,S3-287052653,S3-361903786,S3-578791040,S3-768621721,S3-967822899,S3-975766430
S1-541668027	S2-463327381,S2-792441438
S1-966492570	S2-238991764,S2-349474257,S2-77241306,S2-844951699,S2-863913658,S2-944210661,S3-108808926,S3-138799336,S3-183512479,S3-503424006,S3-788116288,S3-802643354,S3-831127676,S3-852035874
S1-702544592	S2-109800469,S2-305794617,S2-492690381,S2-592287673,S2-768694729,S2-798589387,S2-902880487,S3-141829391,S3-426617067,S3-726527220,S3-901997932
S1-528495462	S2-396538001,S2-420242391,S2-423536344,S2-475549310,S2-520720812,S2-596368087,S2-618058277,S2-741988967,S2-84294594,S2-843952537,S2-858144298,S3-478971264,S3-505398333,S3-545631240,S3-600418036,S3-691716623,S3-709742859,S3-714903191,S3-716865471,S3-799672771,S3-810108097,S3-833749338,S3-87526296
S1-545863954	S2-166310828,S2-200306868,S2-214746945,S2-313670026,S2-314240782,S2-423602272,S2-430628976,S2-474126118,S2-672061424,S2-84800980,S2-885591241,S2-89660732,S3-125926242,S3-194069528,S3-237292178,S3-349873853,S3-4556921,S3-466163493,S3-742836989,S3-743301641,S3-762858573,S3-806522958,S3-956529663
S1-772195807	
S1-603731465	S2-564259126,S3-311423133,S3-561619614,S3-881734932
S1-453539657	S2-227565676,S2-474632845,S2-76793383,S3-121196128,S3-486371120,S3-664143608
S1-46249643	
S1-317928365	S2-319574525,S3-430409783
S1-735449543	
S1-368898506	S2-128136930,S2-399669447,S3-112039477,S3-170245253,S3-548034981,S3-637088900,S3-653634693,S3-763988006,S3-837926466,S3-999219872
S1-39608811	
S1-497232093	S2-260824873,S2-275882814,S2-673981985,S3-420754910,S3-618437714,S3-885082969
S1-740176897	S2-213473496,S2-860947028,S2-991126031,S3-211230794,S3-238309087,S3-34352179,S3-37392694,S3-447659838,S3-628325063,S3-630998672,S3-956798263
S1-699373004	S2-795525631,S2-903113935
S1-760964613	
S1-759533619	S2-271860701,S3-107976059
S1-89928972	S2-858213429,S3-713011558
S1-415302434	S2-164012387,S2-20595754,S3-138925202,S3-199886610,S3-248697935,S3-275270650,S3-306363745,S3-778241131,S3-811459169,S3-876404549,S3-879108221,S3-990113053
S1-397514626	S2-104941292,S2-43134338
S1-603295553	
S1-829004597	S2-11289213,S2-114346046,S2-149492730,S2-187280636,S2-196430197,S2-232369974,S2-259272566,S2-267512484,S2-307656815,S2-336821634,S2-383250982,S2-440275977,S2-553131106,S2-578696051,S2-701569888,S2-712589867,S2-731381882,S2-797734182,S2-847002995,S2-934199330,S2-941338685,S2-94963167,S3-135262039,S3-171074822,S3-192596980,S3-224734353,S3-427563272,S3-540294624,S3-713718131,S3-784451810,S3-856892486,S3-89737646,S3-926504171,S3-955316494
S1-340381642	S2-152000251,S2-16706628,S2-167281889,S2-39872285,S2-426121095,S2-510635651,S2-525621964,S2-558211503,S2-631563082,S2-664411184,S2-722659922,S2-830131819,S2-872782933,S2-889538824,S2-939972778,S2-957129286,S3-157120691,S3-266018996,S3-282539557,S3-501094211,S3-591790934,S3-674272045,S3-955767277
S1-831508195	S2-106131253,S2-181438613,S2-19953999,S2-204417353,S2-456960119,S2-503805402,S2-541960990,S2-550625611,S2-728794279,S2-767759414,S2-783082192,S3-127955122,S3-13286575,S3-13644754,S3-234739408,S3-283300363,S3-316083080,S3-39219004,S3-421243982,S3-471889293,S3-506810019,S3-535972716,S3-628663985,S3-697751528,S3-783843091,S3-853704128,S3-885192903,S3-91625048
S1-715029307	
S1-30383410	
S1-267323354	
S1-189661852	S2-11289213,S2-114346046,S2-149492730,S2-187280636,S2-196430197,S2-232369974,S2-259272566,S2-267512484,S2-307656815,S2-336821634,S2-383250982,S2-440275977,S2-553131106,S2-578696051,S2-701569888,S2-712589867,S2-731381882,S2-797734182,S2-847002995,S2-934199330,S2-941338685,S2-94963167,S3-135262039,S3-171074822,S3-192596980,S3-224734353,S3-427563272,S3-540294624,S3-713718131,S3-784451810,S3-856892486,S3-89737646,S3-926504171,S3-955316494
S1-232418369	S2-126608465,S2-212835906,S2-545840360,S2-753945924,S2-759355073,S2-841197515,S3-210636387,S3-312512383,S3-386500136,S3-612044641,S3-706010386,S3-908156758
S1-626838100	S2-146232635,S2-63728734,S3-341680554,S3-80840290,S3-829497803,S3-831096514
S1-900373432	S3-581288707
S1-322014701	
S1-714107578	S2-106131253,S2-181438613,S2-19953999,S2-204417353,S2-456960119,S2-503805402,S2-541960990,S2-550625611,S2-728794279,S2-767759414,S2-783082192,S3-127955122,S3-13286575,S3-13644754,S3-234739408,S3-283300363,S3-316083080,S3-39219004,S3-421243982,S3-471889293,S3-506810019,S3-535972716,S3-628663985,S3-697751528,S3-783843091,S3-853704128,S3-885192903,S3-91625048
S1-923533895	S2-258360599,S2-358836213,S2-637049107,S2-637469359,S2-680846241,S2-87379485,S2-884102769,S3-119405414,S3-504702992,S3-507043143,S3-590072303,S3-596415975,S3-640604256,S3-644424345,S3-692552074,S3-707258096,S3-726147053,S3-727858299,S3-755063748,S3-794951235,S3-972676497
S1-445155683	S2-11289213,S2-114346046,S2-149492730,S2-187280636,S2-196430197,S2-232369974,S2-259272566,S2-267512484,S2-307656815,S2-336821634,S2-383250982,S2-440275977,S2-553131106,S2-578696051,S2-701569888,S2-712589867,S2-731381882,S2-797734182,S2-847002995,S2-934199330,S2-941338685,S2-94963167,S3-135262039,S3-171074822,S3-192596980,S3-224734353,S3-427563272,S3-540294624,S3-713718131,S3-784451810,S3-856892486,S3-89737646,S3-926504171,S3-955316494
S1-70052354	
S1-954767088	S2-211612247,S2-218053979,S2-240234854,S2-30631233,S2-476119338,S2-573016689,S2-772259224,S2-795585882,S2-801803015,S2-834382585,S2-917122240,S2-963890701,S3-455958949,S3-519012165,S3-67387737,S3-687694683
S1-529469516	S2-234872195,S2-285493501,S2-384450374,S2-448898627,S2-47254895,S2-630672871,S2-657406768,S3-456541281,S3-482373273,S3-594590523,S3-726290013,S3-783099056,S3-841034461,S3-870947009
S1-650940902	
S1-200871763	S2-106551742,S2-113094640,S2-172066960,S2-175042336,S2-202706398,S2-228653453,S2-271491371,S2-293556261,S2-306547398,S2-31342025,S2-341862186,S2-367817806,S2-387967930,S2-39306652,S2-405268363,S2-446572169,S2-447902259,S2-481113885,S2-484993653,S2-505969853,S2-518055291,S2-542465307,S2-552422416,S2-576201028,S2-577711295,S2-62323312,S2-623298671,S2-624429937,S2-665202231,S2-68168899,S2-687579762,S2-699803129,S2-720850258,S2-786114875,S2-859602057,S2-910561013,S2-923816782,S2-934144650,S2-94145774,S2-946046517,S2-947896922,S2-959392634,S2-96867962,S2-98240836,S3-10300249,S3-155795126,S3-170975522,S3-374810425,S3-965405807,S3-96795509
S1-674001307	S2-12092299,S2-127755733,S2-238297214,S2-530637870,S2-54169810,S2-568886805,S2-597419769,S2-77025756,S2-880002957,S3-175196117,S3-224886259,S3-65383906,S3-880485679,S3-922632740
S1-946578635	S2-145315497,S2-151772630,S2-172931439,S2-205258802,S2-22034959,S2-270521088,S2-333797245,S2-375611524,S2-406414266,S2-463366311,S2-481010747,S2-525544135,S2-562046488,S2-563202302,S2-564160312,S2-578321005,S2-672458933,S2-777926654,S2-778054427,S2-783711706,S2-789238637,S2-805068624,S2-805328552,S2-824266066,S2-83210015,S2-835343544,S2-851636302,S2-861216758,S2-87473476,S2-946828495,S2-949382251,S2-989931439,S3-155137912,S3-231992200,S3-246690251,S3-262561718,S3-289000533,S3-43782514,S3-513583430,S3-533188670,S3-538579257,S3-570216123,S3-580252602,S3-669066186,S3-76562507,S3-767454070,S3-795894021,S3-801858031,S3-885753441,S3-995733240
S1-899271918	S2-862435993
S1-861020733	S2-116390537,S2-1258962,S2-177873237,S2-248233059,S2-256848140,S2-270019533,S2-282832343,S2-307956418,S2-313905133,S2-332771680,S2-388594236,S2-39832293,S2-406825129,S2-44528425,S2-468679211,S2-493391928,S2-543720234,S2-547681647,S2-567273417,S2-59192725,S2-631498537,S2-639250156,S2-64076813,S2-64960194,S2-654562074,S2-667998932,S2-677512797,S2-681782072,S2-77137709,S2-805046231,S2-810544429,S2-813354914,S2-827490060,S2-867640379,S2-902293027,S2-90928248,S2-923308925,S2-923432289,S2-93393917,S2-936193093,S2-943071781,S2-943192804,S2-973829984,S3-220702244,S3-236881445,S3-549298,S3-674207500,S3-844042071,S3-909974680,S3-96366507
S1-669118103	
S1-473518955	S2-24864501,S2-737315655,S2-753888124,S3-110476416,S3-264170444,S3-30565569,S3-327825833,S3-384216847,S3-407559541,S3-52817413,S3-560657213,S3-647503457,S3-652123162,S3-739068530,S3-781390248,S3-908148625
S1-112878071	S2-107557903,S2-188947665,S2-824156374,S2-861748088,S3-780716492
S1-387370379	S2-270257041,S2-361094954,S2-484483494,S2-799103240,S2-815296655,S2-954304309,S3-255883482,S3-459062046,S3-592645237,S3-891899299,S3-956930840
S1-591825395	S2-23871542,S2-630503409,S2-666211711,S3-240733649,S3-281100873,S3-284715638,S3-53603101,S3-669498794,S3-728302984,S3-748187861,S3-761381154
S1-341836448	S2-381443733,S2-527134633,S2-558622412,S2-634501412,S2-755865933,S2-931084864,S3-227722749,S3-234821989,S3-284914705,S3-636486626,S3-661006315,S3-832991975,S3-999913674
S1-730190320	S2-262464427,S2-288771595,S2-336098059,S2-685966414,S2-832761728
S1-686724393	S2-206048699,S2-321502572,S2-411773002,S2-666316775,S2-972087927,S2-980552823,S3-308389620,S3-706944390,S3-776030941,S3-826439882
S1-884819027	
S1-634733706	S2-146077302,S2-1855489,S2-24099038,S2-259129144,S2-850040932,S2-919581150,S3-257334367,S3-344898999,S3-355441686,S3-422239732,S3-618712885,S3-628864616,S3-678318560,S3-720089041,S3-797870133,S3-800479703
S1-146764860	S2-211092999,S2-271907774,S2-293830644,S2-451766122,S2-496883836,S2-967080091,S2-973074537,S3-141930108,S3-217427762,S3-349927888,S3-546809841,S3-711430755,S3-741835199,S3-762840029,S3-781299150,S3-858159591,S3-982827473
S1-667494116	S2-146021424,S2-348424823,S2-473944983,S2-973405019,S3-11341631,S3-166024297,S3-198508352,S3-216689018,S3-222306979,S3-269012831,S3-360915051,S3-393769757,S3-496440095,S3-517069981,S3-64680692,S3-671760815,S3-697978106,S3-759411378,S3-902640883,S3-977845400
S1-644800304	S2-122111530,S2-129120246,S2-144521339,S2-158348838,S2-197244160,S2-218337544,S2-247578766,S2-269915770,S2-278143016,S2-366639312,S2-437164887,S2-478502951,S2-568518852,S2-630111107,S2-675644302,S2-681236478,S2-738029460,S2-771973719,S2-779489051,S2-990228657,S3-104229032,S3-124851595,S3-415820845,S3-426449641,S3-547566998,S3-649030755,S3-71504117,S3-768243216,S3-871131653,S3-89812550,S3-927437250
S1-559176480	S2-176219321,S2-207537511,S2-210879384,S2-305513447,S2-587114067,S2-59850318,S2-925168261,S2-962689175,S3-474644511,S3-556504388,S3-836706363,S3-867844152
S1-670613672	S2-524291292,S2-945013499,S3-360852380,S3-482593179,S3-554091209,S3-568985509,S3-679529253,S3-687245749
S1-563834046	S2-117184155,S2-118916909,S2-147483891,S2-160424028,S2-193510687,S2-225679664,S2-226359557,S2-305089827,S2-417275383,S2-436185882,S2-475221902,S2-520321005,S2-525662290,S2-561915559,S2-562106308,S2-666810841,S2-697505520,S2-732155812,S2-878884039,S2-883181682,S3-25237004,S3-266959944,S3-313808237,S3-425715498,S3-427686932,S3-452347005,S3-464265492,S3-572432762,S3-581743070,S3-637293328,S3-76340991,S3-768957450,S3-830619303,S3-863070168,S3-931358398,S3-986560205,S3-986739557
S1-605344566	S2-409984645,S2-95257193
S1-45476583	S2-162674469,S2-230761642,S2-237102635,S2-300060087,S2-306337777,S2-420530612,S2-676900134,S2-737024848,S2-862377868,S3-677098350
S1-712193425	S2-168132027,S2-450192914,S2-519059543,S2-730294781,S2-842315656,S3-257698168,S3-331873108,S3-981141871
S1-426796552	S2-270257041,S2-361094954,S2-484483494,S2-799103240,S2-815296655,S2-954304309,S3-255883482,S3-459062046,S3-592645237,S3-891899299,S3-956930840
S1-358071494	S2-128136930,S2-399669447,S3-112039477,S3-170245253,S3-548034981,S3-637088900,S3-653634693,S3-763988006,S3-837926466,S3-999219872
S1-913184147	S2-357849291,S2-668435606,S2-690275089,S2-726616192,S2-731708376,S2-767658445,S2-853578683,S2-944804286,S2-995144997,S3-206209303,S3-228318557,S3-359754423,S3-51353956,S3-577689079,S3-581223636,S3-689205085,S3-736005762,S3-819791476,S3-845342470
S1-518999749	S3-755514918
S1-142991774	S2-495264785,S2-601677778,S2-634267584,S2-746484928,S2-749588267,S2-756067253,S2-855490920,S3-125799078,S3-34596426,S3-371339898,S3-624383697,S3-726772995,S3-788365397,S3-834525045,S3-867591193,S3-974337051
S1-573105537	S2-146232635,S2-63728734,S3-341680554,S3-80840290,S3-829497803,S3-831096514
S1-402263041	S2-158086966,S2-845296791,S3-267270268,S3-384725726,S3-950311269,S3-976680964
S1-852777299	S2-100293042,S2-163228105,S2-169037041,S2-207439352,S2-313865175,S2-466521198,S2-585918330,S2-64479721,S2-665327497,S2-800542765,S2-862578020,S3-174595742,S3-258552232,S3-398217573,S3-435304612,S3-55314584,S3-611447625,S3-742526233,S3-806253339,S3-821572423,S3-853096152
S1-817055009	S2-113326832,S2-213410962,S2-225538585,S2-285450678,S2-303014768,S2-315328338,S2-512860425,S2-522562820,S2-724700602,S2-889891267,S2-935678953,S2-985055685,S2-989098108,S3-121571566,S3-273272215,S3-31888634,S3-334356676,S3-350733729,S3-38955982,S3-4886539,S3-496087702,S3-609556235,S3-664375045,S3-677352980,S3-698630993,S3-737363811,S3-743825885,S3-759564257,S3-800141967,S3-802883757,S3-824732621,S3-846163852,S3-869386678
S1-121278089	
S1-34406583	S3-804569911
S1-948206127	S2-704784114,S3-281302626,S3-410392259,S3-878948097,S3-913254865
S1-793882586	S2-329302072,S2-989542032,S3-285702562,S3-543939305,S3-776140153
S1-313423382	S2-419824011,S2-491729969,S2-65284847,S2-744384640,S2-903046871,S3-101036051,S3-135907540,S3-817161138
S1-230616179	
S1-117946977	S2-396538001,S2-420242391,S2-423536344,S2-475549310,S2-520720812,S2-596368087,S2-618058277,S2-741988967,S2-84294594,S2-843952537,S2-858144298,S3-478971264,S3-505398333,S3-545631240,S3-600418036,S3-691716623,S3-709742859,S3-714903191,S3-716865471,S3-799672771,S3-810108097,S3-833749338,S3-87526296
S1-764467216	S2-106341849,S2-200454250,S2-236730713,S2-424998513,S2-485885002,S2-570347335,S2-677910159,S2-704409228,S2-751407165,S2-861422809,S3-142534241,S3-249548916,S3-269283294,S3-340665809,S3-377978037,S3-438945245,S3-447259837,S3-636367698,S3-658846820,S3-724890250,S3-823559113,S3-823935201,S3-835801910,S3-908996282
S1-600671460	S2-164358904,S2-186023919,S2-261011595,S2-348428540,S2-391663677,S2-528929761,S2-630817745,S2-655126762,S2-758737311,S3-109368624,S3-132977414,S3-185580229,S3-243515600,S3-300517012,S3-39853179,S3-430704048,S3-50281059,S3-542159634,S3-604883637,S3-739606609,S3-839317527
S1-985458663	S2-157044011,S2-187082432,S2-193575302,S2-203702674,S2-288028532,S2-340448960,S2-37648982,S2-400361213,S2-597088527,S2-677475250,S2-769531847,S2-802854591,S2-893868016,S2-912675656,S2-973495524,S3-339637043,S3-454363465,S3-46662325,S3-497996246,S3-653864069,S3-789066925,S3-810888025,S3-813216849,S3-841542679,S3-916791926
S1-998079629	S2-182273804,S2-397799509,S3-137837163
S1-751723139	S2-243625067,S2-549810915,S2-627397346,S2-727980122,S3-138257295,S3-566949914
S1-984503844	S2-242438985,S2-487584376,S2-504393659,S2-568370010,S2-57063876,S2-617546497,S2-667838369,S2-936130151,S2-947116767,S2-987123781,S2-998468748,S3-162626400,S3-222120,S3-229308777,S3-52491675,S3-707502882,S3-937510720
S1-436389656	
S1-141582671	S2-128136930,S2-399669447,S3-112039477,S3-170245253,S3-548034981,S3-637088900,S3-653634693,S3-763988006,S3-837926466,S3-999219872
S1-870259303	
S1-202627015	S2-185013334,S2-188368209,S2-237974048,S2-297579015,S2-838961009,S3-103384644,S3-233262922,S3-28391425,S3-370735604,S3-398663305,S3-400189525,S3-592773961,S3-607404491,S3-64079929,S3-644782724,S3-676594819,S3-75881415,S3-888965124,S3-944432312,S3-978862386
S1-870670114	
S1-755329516	S2-311691585,S2-3968593,S2-397881726,S2-435555362,S2-765413565,S3-221148613,S3-232398810,S3-353310206,S3-910773308
S1-769735105	S2-106040943,S2-322679152,S2-347685480,S2-598312557,S2-744098365,S3-132198355,S3-245669549,S3-605923847,S3-647541936,S3-65006793,S3-662956244,S3-742213830
S1-545535789	S2-725410150,S2-817258078,S3-693720077
S1-255512449	S3-214688271
S1-479368587	S3-44316493
S1-220217287	S2-250407423,S2-322554268,S2-32353150,S2-431261713,S2-551467333,S2-555191263,S2-597052728,S2-650902683,S2-7204821,S2-772019937,S2-98348512,S3-175597654,S3-395400724,S3-587889709,S3-61440600,S3-619172070,S3-626034570,S3-736798421,S3-769518935,S3-821925805,S3-864981389,S3-86712625
S1-445413591	S3-139596957,S3-292257272
S1-307330189	S2-71384028,S2-754241534,S2-859991791,S3-28322732,S3-962596929
S1-576221857	S2-696077581
S1-540647065	S2-145315497,S2-151772630,S2-172931439,S2-205258802,S2-22034959,S2-270521088,S2-333797245,S2-375611524,S2-406414266,S2-463366311,S2-481010747,S2-525544135,S2-562046488,S2-563202302,S2-564160312,S2-578321005,S2-672458933,S2-777926654,S2-778054427,S2-783711706,S2-789238637,S2-805068624,S2-805328552,S2-824266066,S2-83210015,S2-835343544,S2-851636302,S2-861216758,S2-87473476,S2-946828495,S2-949382251,S2-989931439,S3-155137912,S3-231992200,S3-246690251,S3-262561718,S3-289000533,S3-43782514,S3-513583430,S3-533188670,S3-538579257,S3-570216123,S3-580252602,S3-669066186,S3-76562507,S3-767454070,S3-795894021,S3-801858031,S3-885753441,S3-995733240
S1-985849844	S2-121764179,S2-129699032,S2-234992726,S2-248611322,S2-313452475,S2-339673955,S2-350400344,S2-351519794,S2-37998381,S2-415633307,S2-424721957,S2-485133256,S2-508597312,S2-539204540,S2-544808894,S2-558351724,S2-568605,S2-571566815,S2-589227719,S2-617430166,S2-6298395,S2-684016958,S2-722336377,S2-841786122,S2-856802130,S2-883588051,S2-927573547,S2-934266624,S2-96908799,S3-153388083,S3-187125497,S3-203039753,S3-231779815,S3-303635792,S3-311221275,S3-334857772,S3-379094706,S3-484994752,S3-485723646,S3-628812536,S3-657919288,S3-665900009,S3-691294985,S3-760433788,S3-795106375,S3-809001449,S3-859552447,S3-885926420,S3-971063817,S3-987993283
S1-129840509	S2-14888282,S2-508391784,S2-663561838,S2-799025344,S2-799535785,S2-834687113,S2-955415809,S2-978503246,S3-116632238,S3-244937340,S3-320166656,S3-430721846,S3-65154771,S3-874060286
S1-738529927	S2-458501788,S2-944747002,S3-208744177,S3-238755367,S3-386862688,S3-394515965,S3-50337221,S3-647195280,S3-844179298
S1-631634336	S2-172339850,S2-17690219,S2-28302837,S2-295535409,S2-329388918,S2-338638004,S2-371678985,S2-385544304,S2-420814161,S2-482056675,S2-48974459,S2-659711649,S2-673035613,S2-715192817,S2-73238832,S2-764179503,S2-847687010,S2-849829987,S2-85036958,S2-971438250,S3-108971184,S3-191467454,S3-237763570,S3-400227868,S3-661773448,S3-684435851,S3-793481424,S3-873555511
S1-620439917	S2-199021860,S2-207475754,S2-259971131,S2-300418926,S2-324022434,S2-337630109,S2-354323098,S2-728600537,S2-755580789,S2-797876474,S2-805826813,S2-830655236,S2-862159216,S3-38186343,S3-402077562,S3-425451804,S3-566474728,S3-623606901,S3-629743833,S3-742790373,S3-757735462,S3-788075081,S3-892319511
S1-645673704	S2-331483512,S2-385808099,S2-603458279,S3-173981567,S3-462612360,S3-589966304,S3-743202514,S3-852419553,S3-896032795
S1-366906832	S2-192026730,S2-279142940,S3-514316,S3-577836620,S3-627348323,S3-976515721
S1-818450767	
S1-495018313	S2-140584198,S2-342141197,S2-437254036,S2-440948455,S2-62126243,S2-625711363,S2-999900102,S3-150310753,S3-161812849,S3-172089753,S3-23195858,S3-453624869,S3-516634891,S3-960326648
S1-236219320	S2-266529850,S2-840686664,S3-284249071,S3-347563849,S3-858397119
S1-735494336	S3-258612024,S3-781855986
S1-313486473	S2-174267507,S2-296064086,S2-308862519,S2-33330290,S2-42376148,S2-436503412,S2-77668832,S3-111867863,S3-219206801,S3-376422541,S3-389774963,S3-546731906,S3-913148143
S1-874756885	S2-102506722,S2-212291583,S2-214168322,S2-221740113,S2-287402090,S2-530371369,S2-610716894,S2-732475862,S2-855277631,S3-158901285,S3-220614352,S3-239374760,S3-295185170,S3-383620013,S3-570376004,S3-804520469,S3-882509848
S1-930629318	S2-24864501,S2-737315655,S2-753888124,S3-110476416,S3-264170444,S3-30565569,S3-327825833,S3-384216847,S3-407559541,S3-52817413,S3-560657213,S3-647503457,S3-652123162,S3-739068530,S3-781390248,S3-908148625
S1-211227284	
S1-665203072	S2-222993917,S2-453422522,S2-635513246,S2-681261480,S3-442724889,S3-51420235,S3-763395023,S3-878936770
S1-990859962	
S1-743413952	S2-113840302,S2-783546164,S3-237873919,S3-49949966
S1-288261457	S2-201725895,S2-211910619,S2-256206990,S2-36553172,S2-521529725,S2-758146922,S2-91467791,S2-921691864,S2-971217283,S3-455517487,S3-641633906,S3-681266328,S3-778001498,S3-897164409,S3-972080253
S1-325772170	S2-708416992,S3-445543631
S1-584694385	S2-247909335,S2-362276470,S2-56810183,S2-589929273,S2-66532234,S2-718494723,S2-881978571,S2-927066589,S2-94978785,S3-103232508,S3-148485844,S3-207376252,S3-35559896,S3-57170148,S3-61231549,S3-66101661,S3-714209281,S3-808306486,S3-934314799,S3-957594577,S3-962628406
S1-196930853	S2-144410848,S2-144917152,S2-240825627,S2-494686924,S3-28078346,S3-410857880
S1-383705289	S2-119647643,S2-446986156,S3-476232000,S3-551376392,S3-561045451,S3-782941503
S1-94503331	
S1-647575013	S2-232938515,S2-827564643,S2-843818614,S2-927836603,S3-36348173,S3-398829194,S3-416247723,S3-524024627,S3-702898359
S1-362900691	S2-167574210,S2-530685908,S2-734716146,S2-782765375
S1-743701929	S2-100989007,S2-138331307,S2-139259960,S2-475329308,S2-716479859,S2-776999904,S2-936396101,S3-101654658,S3-427942676,S3-472669814,S3-475802538,S3-712554414,S3-723984071
S1-554606367	S2-104769383,S2-367421312,S2-572406967,S2-600860109,S2-80200813,S2-918973885,S2-996688177,S3-107757096,S3-352850582,S3-555755015,S3-710805509,S3-714965808,S3-814843124,S3-867263634,S3-870867359
S1-72057324	S2-134479825,S2-216295125,S2-235259222,S2-235569498,S2-356216613,S2-381625332,S2-505613572,S2-606560091,S2-677560540,S2-832222417,S3-124578688,S3-305609620,S3-440860870,S3-575838920,S3-613087360,S3-742183561,S3-767875547,S3-775759385,S3-928762790
S1-537057658	S2-370489674,S3-877760907
S1-863840933	S2-237688730,S2-323998042,S2-600460285,S2-883568105,S3-10445894,S3-11185500,S3-141591303,S3-525615575,S3-535479625,S3-56481369,S3-606815816,S3-65588814,S3-851213032
S1-867937984	S2-706321668,S3-125441148,S3-561727026,S3-763549821,S3-795552833,S3-902848209
S1-517585252	S2-928635359,S3-419885666,S3-899714798
S1-843460748	S2-234200980,S2-258187741,S2-609571259,S2-651671642,S3-414627989,S3-523374695,S3-744350656,S3-780383003,S3-815732391
S1-495431862	
S1-705520087	S2-340420883,S2-37879649,S2-379810610,S2-755369363,S2-825925066,S2-883036053,S2-997094088,S3-261118865,S3-307132570,S3-780900428
S1-629792731	
S1-24190993	S2-619262991,S2-749794857,S2-815602099,S3-203598800,S3-239578169,S3-336697476,S3-507474950,S3-693131957,S3-717293636,S3-736494730,S3-764042806,S3-898541620,S3-922550338
S1-962462371	S2-152000251,S2-16706628,S2-167281889,S2-39872285,S2-426121095,S2-510635651,S2-525621964,S2-558211503,S2-631563082,S2-664411184,S2-722659922,S2-830131819,S2-872782933,S2-889538824,S2-939972778,S2-957129286,S3-157120691,S3-266018996,S3-282539557,S3-501094211,S3-591790934,S3-674272045,S3-955767277
S1-891460771	S2-157096009,S2-208890076,S2-342720491,S2-401195970,S2-409548110,S2-454860021,S2-565787935,S2-864742293,S2-965534736,S3-139562810,S3-186875006,S3-251522598,S3-278471721,S3-330504048,S3-339215876,S3-533630743,S3-631007358,S3-66509585,S3-681546386,S3-764156649
S1-631267110	S2-270257041,S2-361094954,S2-484483494,S2-799103240,S2-815296655,S2-954304309,S3-255883482,S3-459062046,S3-592645237,S3-891899299,S3-956930840
S1-616328186	
S1-989458781	S2-261771601,S2-343084525,S2-445598380,S3-217052448,S3-301622173,S3-629191967,S3-915597855
S1-158427430	S2-166310828,S2-200306868,S2-214746945,S2-313670026,S2-314240782,S2-423602272,S2-430628976,S2-474126118,S2-672061424,S2-84800980,S2-885591241,S2-89660732,S3-125926242,S3-194069528,S3-237292178,S3-349873853,S3-4556921,S3-466163493,S3-742836989,S3-743301641,S3-762858573,S3-806522958,S3-956529663
S1-943866501	S2-306767160,S2-726853276
S1-772390233	S2-139507072,S2-18558428,S2-203621534,S2-251311805,S2-260839023,S2-273599220,S2-595812239,S2-665520150,S2-727918292,S2-80525362,S3-190345341,S3-268325388,S3-384633279,S3-542174661,S3-544100996,S3-623589664,S3-756831859
S1-555104163	S2-134222053,S2-291838259,S2-621647150,S2-732641367,S2-813141169,S3-289567021,S3-549513530,S3-907055186,S3-945359475
S1-634708855	S2-15975240,S2-162385476,S2-219631774,S2-376908945,S2-40274524,S2-503202602,S2-546821026,S2-652980231,S2-792642549,S2-905094783,S3-245594796,S3-257431930,S3-318402319,S3-333699711,S3-367504316,S3-394225551,S3-425970770,S3-575828769,S3-620755797,S3-771777105,S3-899716627,S3-992362711
S1-574838650	S2-148464133,S2-420681243,S2-426007255,S2-808163576,S3-512625539,S3-715073172
S1-454570944	
S1-824705510	S2-187514254,S2-345568659,S2-442169767,S2-66017638,S2-699378642,S2-813291903,S2-998270212,S3-136792093,S3-193651729,S3-236958663,S3-488946172,S3-621176125,S3-737566271,S3-926339548
S1-353555145	S2-117191419,S3-352769421,S3-611709270,S3-671275337
S1-868191449	S2-277168615,S2-426973879,S2-668652155,S2-801684160,S2-81304742,S2-903065910,S3-213199104,S3-215050956,S3-337733156,S3-529423454,S3-64282120,S3-770905717
S1-207542087	S2-29491413,S3-260803297
S1-128224466	S2-225002758,S2-241202186,S2-321209367,S2-347609684,S2-491106709,S2-531520525,S2-53252297,S2-594478805,S2-627244643,S2-634075314,S2-647018730,S2-655145043,S2-815115300,S2-860341701,S2-878103105,S2-896940804,S2-914028822,S2-97863107,S3-132387402,S3-24511714,S3-277275384,S3-33038817,S3-33351973,S3-384288094,S3-4681575,S3-585405201,S3-716805174,S3-803351005
S1-437847715	S2-209534431,S2-258208130,S2-265823668,S2-353402145,S2-550738304,S2-632440779,S2-769651124,S2-809665812,S3-10070204,S3-111698194,S3-154284796,S3-267398314,S3-293567316,S3-365545709,S3-374731062,S3-38621223,S3-412563770,S3-544303624,S3-606193838,S3-829041156,S3-860788027,S3-916685476
S1-175897406	S2-886119822,S3-70175275,S3-73384101
S1-836657851	S3-163500213
S1-738388422	S2-106551742,S2-113094640,S2-172066960,S2-175042336,S2-202706398,S2-228653453,S2-271491371,S2-293556261,S2-306547398,S2-31342025,S2-341862186,S2-367817806,S2-387967930,S2-39306652,S2-405268363,S2-446572169,S2-447902259,S2-481113885,S2-484993653,S2-505969853,S2-518055291,S2-542465307,S2-552422416,S2-576201028,S2-577711295,S2-62323312,S2-623298671,S2-624429937,S2-665202231,S2-68168899,S2-687579762,S2-699803129,S2-720850258,S2-786114875,S2-859602057,S2-910561013,S2-923816782,S2-934144650,S2-94145774,S2-946046517,S2-947896922,S2-959392634,S2-96867962,S2-98240836,S3-10300249,S3-155795126,S3-170975522,S3-374810425,S3-965405807,S3-96795509
S1-70730985	S2-25405386,S2-584897466,S3-131889640,S3-272728798,S3-509198692,S3-547668900,S3-833970055,S3-918393686
S1-913071720	S3-106514182,S3-327508728,S3-716919318,S3-740996897,S3-791172525,S3-815796924
S1-730858570	S2-190332188
S1-890842089	
S1-755841052	S2-916146502,S3-28894650
S1-62406587	S2-106341849,S2-200454250,S2-236730713,S2-424998513,S2-485885002,S2-570347335,S2-677910159,S2-704409228,S2-751407165,S2-861422809,S3-142534241,S3-249548916,S3-269283294,S3-340665809,S3-377978037,S3-438945245,S3-447259837,S3-636367698,S3-658846820,S3-724890250,S3-823559113,S3-823935201,S3-835801910,S3-908996282
S1-945599294	S2-237688730,S2-323998042,S2-600460285,S2-883568105,S3-10445894,S3-11185500,S3-141591303,S3-525615575,S3-535479625,S3-56481369,S3-606815816,S3-65588814,S3-851213032
S1-282690027	S2-837145800,S3-162500917,S3-302516864,S3-710807338,S3-710928148,S3-795001586
S1-119471339	S2-160986084,S2-484033885,S2-682012487,S2-864136348,S3-165648305,S3-3146462,S3-345033405,S3-379013464,S3-848757791
S1-612238175	S2-27480925,S2-309533013,S2-367601413,S2-631009621,S2-789135323,S2-946331130,S3-365756721,S3-4052247,S3-833307477
S1-507700514	
S1-507057032	S2-137677962,S2-154919695,S2-182040116,S2-262075502,S2-450038746,S2-540182433,S2-706014502,S2-881793169,S3-139707823,S3-275879649,S3-401350368,S3-482653839,S3-495723313,S3-704923712,S3-740414968,S3-931581246
S1-290658366	S2-270848867,S2-324155627,S2-434748052,S2-443914902,S2-698402384,S3-270079398,S3-35031835,S3-440105902,S3-440245129,S3-510277949,S3-515155753,S3-532782484,S3-619003652,S3-958476355,S3-9842107,S3-994639712
S1-521891133	S3-150322987
S1-49325121	
S1-169797977	S2-250407423,S2-322554268,S2-32353150,S2-431261713,S2-551467333,S2-555191263,S2-597052728,S2-650902683,S2-7204821,S2-772019937,S2-98348512,S3-175597654,S3-395400724,S3-587889709,S3-61440600,S3-619172070,S3-626034570,S3-736798421,S3-769518935,S3-821925805,S3-864981389,S3-86712625
S1-44516836	S2-238263434,S2-299309149,S2-36616184,S2-368776362,S3-79872336
S1-27176967	S2-467863016,S3-481631797,S3-59175053,S3-760719807,S3-981525185
S1-428409415	S2-146021424,S2-348424823,S2-473944983,S2-973405019,S3-11341631,S3-166024297,S3-198508352,S3-216689018,S3-222306979,S3-269012831,S3-360915051,S3-393769757,S3-496440095,S3-517069981,S3-64680692,S3-671760815,S3-697978106,S3-759411378,S3-902640883,S3-977845400
S1-583030458	S2-120420573,S2-122768568,S2-326590840,S2-336500242,S2-418144525,S2-603597059,S2-625453224,S2-655225446,S2-664036246,S2-679408849,S2-683793701,S2-740240559,S2-91064584,S2-932412889,S2-974146456,S3-100659662,S3-169844964,S3-206218001,S3-23492958,S3-278868668,S3-349679455,S3-406354298,S3-426841085,S3-495344572,S3-49685889,S3-524929343,S3-574231294,S3-58952785,S3-620427329,S3-68321827,S3-743187888,S3-877097974,S3-937791576
S1-659886446	S2-615338256,S3-282419606
S1-330401139	S3-878193844
S1-928776546	S2-139507072,S2-18558428,S2-203621534,S2-251311805,S2-260839023,S2-273599220,S2-595812239,S2-665520150,S2-727918292,S2-80525362,S3-190345341,S3-268325388,S3-384633279,S3-542174661,S3-544100996,S3-623589664,S3-756831859
S1-79493353	S2-914966490,S2-99389198,S3-562405908
S1-598644426	S2-107557903,S2-188947665,S2-824156374,S2-861748088,S3-780716492
S1-491672580	
S1-527616111	
S1-269743554	S2-346644481,S2-358267895,S3-45883756,S3-857183109
S1-737563674	S2-93650816
S1-662097139	
S1-76227211	S2-110582342,S2-130847129,S2-256979496,S2-303791329,S2-355472565,S2-612422472,S2-904853094,S3-137502374,S3-196711095,S3-580325729,S3-672416619,S3-756655595,S3-803691940,S3-900855574,S3-962607637,S3-998917504
S1-754443232	S2-973829465,S3-481517312
S1-541847553	S2-147498899,S2-575775738,S2-682253147,S3-237712181,S3-367901084
S1-811085440	S2-266529850,S2-840686664,S3-284249071,S3-347563849,S3-858397119
S1-398462363	S2-234872195,S2-285493501,S2-384450374,S2-448898627,S2-47254895,S2-630672871,S2-657406768,S3-456541281,S3-482373273,S3-594590523,S3-726290013,S3-783099056,S3-841034461,S3-870947009
S1-310166751	S2-369450817,S2-424973236,S2-730602022,S2-784223944,S2-912048344,S2-990479164,S3-430524325
S1-258544368	S3-571620171,S3-582435641
S1-29704874	S2-328410874,S2-425950408,S2-448466345,S3-294478134,S3-749350856,S3-864028572,S3-989976791
S1-71390708	S2-242803736,S2-407777610,S2-532663623,S2-548299263,S2-644861038,S2-988819067,S3-301727539,S3-370275273,S3-372655226,S3-794015156,S3-81098585,S3-813309701,S3-864565229
S1-522847261	S2-262398612,S2-387211243,S2-396151865,S2-810425725,S2-953315150,S3-142665600,S3-195278099,S3-434729821,S3-436480804,S3-503430799,S3-796337435,S3-81251162
S1-209560741	S2-671292051,S3-127037797,S3-951827829,S3-989093694
S1-76891238	S2-848752313
S1-803723987	S3-435090865
S1-469837394	S2-689098862
S1-262724894	S2-585788789,S2-592382565,S2-721641027,S2-804632740,S2-817629946,S2-896802437,S3-332731028,S3-389395592,S3-607790159,S3-754982966,S3-759180164,S3-840520937
S1-789310261	S2-781365676
S1-476233101	S2-274657814,S2-284066247,S3-924754975
S1-156259591	S2-276757029,S2-785659578,S2-795335462,S3-302297491,S3-618885734
S1-148192848	S2-415746159,S3-408854312
S1-253986339	
S1-613788308	S2-60538009,S3-103091121,S3-152598937,S3-319548604,S3-445101009,S3-951874330
S1-46734148	
S1-925888590	S2-157044011,S2-187082432,S2-193575302,S2-203702674,S2-288028532,S2-340448960,S2-37648982,S2-400361213,S2-597088527,S2-677475250,S2-769531847,S2-802854591,S2-893868016,S2-912675656,S2-973495524,S3-339637043,S3-454363465,S3-46662325,S3-497996246,S3-653864069,S3-789066925,S3-810888025,S3-813216849,S3-841542679,S3-916791926
S1-384391959	S2-495264785,S2-601677778,S2-634267584,S2-746484928,S2-749588267,S2-756067253,S2-855490920,S3-125799078,S3-34596426,S3-371339898,S3-624383697,S3-726772995,S3-788365397,S3-834525045,S3-867591193,S3-974337051
S1-733058423	S2-348752606,S2-551488634,S2-591480430,S2-663700902,S2-9410084,S2-949044369,S2-963955912,S3-510160241,S3-574059974,S3-599084972
S1-335922295	S2-156443742,S2-249779014,S2-297900696,S2-392595553,S2-446798450,S2-497330243,S2-575142052,S2-718480121,S2-965682240,S2-993515161,S3-146891286,S3-165549998,S3-208520456,S3-220842618,S3-272775451,S3-343491131,S3-435008828,S3-437998749,S3-494271652,S3-625750989,S3-626293954,S3-70062736,S3-724837283,S3-911854750
S1-62369497	S2-176219321,S2-207537511,S2-210879384,S2-305513447,S2-587114067,S2-59850318,S2-925168261,S2-962689175,S3-474644511,S3-556504388,S3-836706363,S3-867844152
S1-472029773	S2-236502124,S2-337736101,S2-392578068,S2-523430582,S2-683268866,S2-889243203,S3-312303983,S3-639068343,S3-68589400,S3-754388223,S3-763214529,S3-949814105,S3-975820781
S1-379378394	S2-137707160,S2-146193186,S2-218619721,S2-23519898,S2-305637735,S2-340146518,S2-389924615,S2-402379517,S2-438565549,S2-444544903,S2-445039677,S2-447963596,S2-551128687,S2-722018212,S2-73405617,S2-771092155,S2-801803424,S2-832266307,S3-163458967,S3-168748626,S3-373462158,S3-441543576,S3-549736271,S3-553516582,S3-601197303,S3-611106860,S3-667815823,S3-697396640,S3-727698517,S3-755405825,S3-812550378,S3-816742816,S3-857937906
S1-802501899	S2-111520283,S2-183602460,S2-24492207,S2-279186227,S2-30069822,S2-775180820,S2-976445428,S3-856244664,S3-864741808,S3-877366644,S3-905699122
S1-404958214	S2-150840866,S2-372194901,S2-450182726,S2-641758843,S2-83634208,S2-883819340,S2-920002748,S3-17552184,S3-186428220,S3-229954420,S3-5049219,S3-542627141,S3-590991296,S3-783730949,S3-941638500,S3-998252727
S1-134964502	S2-150268141,S2-224414385,S2-581549782,S2-737499898,S2-77012618,S2-784720932,S2-806209738,S2-865500418,S2-88977929,S3-168605175,S3-273133357,S3-38197713,S3-514174091,S3-545765346,S3-949501293
S1-903680191	S2-241386385,S2-251912278,S2-304703011,S3-378445777,S3-447917469,S3-655398272,S3-93008788,S3-994227406
S1-746205301	S2-145546629,S2-189860577,S2-545317924,S2-84473557,S2-847911491,S2-906842440,S3-65312811,S3-687847180
S1-356330116	S2-71384028,S2-754241534,S2-859991791,S3-28322732,S3-962596929
S1-897438771	S2-187886516,S2-488100895,S2-804364266,S2-965581679,S2-967909343,S3-206642656,S3-477456555,S3-911269666,S3-967418953
S1-216853138	S2-106040943,S2-322679152,S2-347685480,S2-598312557,S2-744098365,S3-132198355,S3-245669549,S3-605923847,S3-647541936,S3-65006793,S3-662956244,S3-742213830
S1-21010276	S2-243625067,S2-549810915,S2-627397346,S2-727980122,S3-138257295,S3-566949914
S1-411150863	S2-348752606,S2-551488634,S2-591480430,S2-663700902,S2-9410084,S2-949044369,S2-963955912,S3-510160241,S3-574059974,S3-599084972
S1-721904625	S2-140088778,S2-603983227,S3-406949346
S1-500842861	S2-317480348,S2-36390503,S2-409384737,S2-702024449,S2-756760180,S2-806661640,S3-26572447,S3-573076105,S3-6695593,S3-79267718,S3-825290001,S3-92954931
S1-519840188	S2-182986806,S2-221044106,S2-648630388,S3-239848768,S3-469272577,S3-473084249,S3-58435931,S3-655653146,S3-793981957,S3-887371844,S3-899298661
S1-371172270	S2-185013334,S2-188368209,S2-237974048,S2-297579015,S2-838961009,S3-103384644,S3-233262922,S3-28391425,S3-370735604,S3-398663305,S3-400189525,S3-592773961,S3-607404491,S3-64079929,S3-644782724,S3-676594819,S3-75881415,S3-888965124,S3-944432312,S3-978862386
S1-146269669	S2-108785440,S2-397172392,S2-430858827,S2-693790115,S2-71566087,S2-773257998,S2-829331049,S2-930372797,S2-939764847,S3-273800636,S3-295126862,S3-498143635,S3-549591879,S3-563405590,S3-709547160
S1-640903890	
S1-579513223	S2-204791634,S2-379216819,S2-39747165,S2-455643447,S2-681986262,S2-917497933,S2-929103679,S3-170336704,S3-360597006,S3-372380607,S3-613223593,S3-640101832,S3-942743916
S1-834059246	S2-102577854,S2-235829911,S2-464227034,S2-518383016,S2-804834749,S2-917596066,S3-150887938,S3-280506081,S3-403147967,S3-526709055,S3-816820369
S1-543738021	S2-1734121,S2-249272168,S2-530656051,S3-119839576,S3-493920708,S3-5099896,S3-855658386,S3-936756918,S3-954671012
S1-464735932	S2-116390537,S2-1258962,S2-177873237,S2-248233059,S2-256848140,S2-270019533,S2-282832343,S2-307956418,S2-313905133,S2-332771680,S2-388594236,S2-39832293,S2-406825129,S2-44528425,S2-468679211,S2-493391928,S2-543720234,S2-547681647,S2-567273417,S2-59192725,S2-631498537,S2-639250156,S2-64076813,S2-64960194,S2-654562074,S2-667998932,S2-677512797,S2-681782072,S2-77137709,S2-805046231,S2-810544429,S2-813354914,S2-827490060,S2-867640379,S2-902293027,S2-90928248,S2-923308925,S2-923432289,S2-93393917,S2-936193093,S2-943071781,S2-943192804,S2-973829984,S3-220702244,S3-236881445,S3-549298,S3-674207500,S3-844042071,S3-909974680,S3-96366507
S1-720494821	S2-271976955,S2-365131068,S2-438102126,S2-478010098,S2-806864654,S3-107808344,S3-173037183,S3-320575228,S3-679867068,S3-890301920,S3-914633473
S1-614166527	S2-41998724
S1-330425761	S2-270257041,S2-361094954,S2-484483494,S2-799103240,S2-815296655,S2-954304309,S3-255883482,S3-459062046,S3-592645237,S3-891899299,S3-956930840
S1-636382711	S2-381027570,S2-546525441,S2-628914147,S2-824282783,S2-901160817,S3-154920616,S3-292794271,S3-462962560,S3-657521923,S3-748588813,S3-791006834,S3-829582795
S1-845582955	S2-989431296
S1-864813407	S2-178717847,S2-288903558,S2-501770103,S2-54275281,S2-61770009,S2-878310190,S2-8966490,S3-305178177,S3-392593842,S3-54583905,S3-589030069,S3-605853037,S3-722922678,S3-872013487,S3-949816745
S1-226835563	S2-80452903,S2-987011079,S3-117064465,S3-242422060,S3-282321912,S3-341799280,S3-449812988,S3-471343482,S3-793224580
S1-593083174	S2-234872195,S2-285493501,S2-384450374,S2-448898627,S2-47254895,S2-630672871,S2-657406768,S3-456541281,S3-482373273,S3-594590523,S3-726290013,S3-783099056,S3-841034461,S3-870947009
S1-265308634	S2-105744335,S2-120300748,S2-216338042,S2-361065074,S2-550277993,S2-674544983,S2-719864134,S2-778119223,S3-317555456,S3-377994649,S3-417661216,S3-42105685,S3-555769770,S3-670887747,S3-734694785,S3-762435762,S3-7872523,S3-890827221
S1-342524902	S2-127551836,S2-398226462,S2-439140764,S2-444038303,S2-553274633,S2-62328730,S2-644642765,S2-789658003,S2-817708911,S3-198604029,S3-238466798,S3-476457316,S3-628771044,S3-762723566,S3-887487461,S3-944955980,S3-952738461
S1-313657958	S2-116390537,S2-1258962,S2-177873237,S2-248233059,S2-256848140,S2-270019533,S2-282832343,S2-307956418,S2-313905133,S2-332771680,S2-388594236,S2-39832293,S2-406825129,S2-44528425,S2-468679211,S2-493391928,S2-543720234,S2-547681647,S2-567273417,S2-59192725,S2-631498537,S2-639250156,S2-64076813,S2-64960194,S2-654562074,S2-667998932,S2-677512797,S2-681782072,S2-77137709,S2-805046231,S2-810544429,S2-813354914,S2-827490060,S2-867640379,S2-902293027,S2-90928248,S2-923308925,S2-923432289,S2-93393917,S2-936193093,S2-943071781,S2-943192804,S2-973829984,S3-220702244,S3-236881445,S3-549298,S3-674207500,S3-844042071,S3-909974680,S3-96366507
S1-761368811	S2-205283758,S2-239070834,S2-691792431,S2-69354231,S2-723774212,S3-135683156,S3-38936571,S3-422815078,S3-456593429,S3-521783865,S3-540093376,S3-553611635,S3-573314762,S3-604655394,S3-733735582,S3-790686227,S3-877924260
S1-370040082	S3-922814588
S1-30674002	S2-258360599,S2-358836213,S2-637049107,S2-637469359,S2-680846241,S2-87379485,S2-884102769,S3-119405414,S3-504702992,S3-507043143,S3-590072303,S3-596415975,S3-640604256,S3-644424345,S3-692552074,S3-707258096,S3-726147053,S3-727858299,S3-755063748,S3-794951235,S3-972676497
S1-184326040	S2-209153801,S2-275408088,S2-49950306,S2-629664925,S2-674483606,S2-701170761,S2-72495135,S2-820001061,S2-827722721,S2-881711235,S2-945056046,S2-974901754,S3-149378749,S3-320245646,S3-394837108,S3-464088678,S3-515633719,S3-518579107,S3-604980231,S3-651475258,S3-652518072,S3-80022901,S3-994013896
S1-752875458	S2-514933653,S2-584421286,S2-615015424,S2-991288907,S3-265359996,S3-695129688,S3-782341251
S1-749190987	S2-146077302,S2-1855489,S2-24099038,S2-259129144,S2-850040932,S2-919581150,S3-257334367,S3-344898999,S3-355441686,S3-422239732,S3-618712885,S3-628864616,S3-678318560,S3-720089041,S3-797870133,S3-800479703
S1-303885393	S2-530322508,S2-586506427,S2-862611244,S3-656749670,S3-725172826
S1-524471698	S2-390073637,S2-442549744,S2-658065717,S2-675955548,S2-710592252,S3-260035935,S3-261234295,S3-300815730,S3-326636338,S3-337134910,S3-359017501,S3-597151098,S3-928584875,S3-953469657,S3-970475053
S1-81401869	S2-144753299,S2-190627117,S2-202615365,S2-213110901,S2-27508375,S2-502351575,S2-578898262,S2-591078525,S2-609451836,S2-643336283,S2-701496773,S2-79555866,S2-952003599,S2-963542969,S2-977553130,S3-150755425,S3-154569063,S3-159289951,S3-17977041,S3-234063215,S3-235011256,S3-303357574,S3-354252671,S3-435150918,S3-537516589,S3-566160421,S3-599115114,S3-612190510,S3-658437431,S3-667416946,S3-676664629,S3-738583899,S3-783337925,S3-787363465,S3-871418696,S3-88962579,S3-916228084,S3-934577839,S3-971533008
S1-600924899	S2-85396808
S1-223740121	S2-292165524,S2-302204346,S2-411844273,S3-201129652,S3-5757306,S3-866811247,S3-937845223
S1-497450389	S2-366553136,S2-696588819
S1-951404426	S2-178717847,S2-288903558,S2-501770103,S2-54275281,S2-61770009,S2-878310190,S2-8966490,S3-305178177,S3-392593842,S3-54583905,S3-589030069,S3-605853037,S3-722922678,S3-872013487,S3-949816745
S1-677361364	
S1-438605996	S2-564890687,S2-701877493,S2-863837674,S3-167007965
S1-669877826	S2-144626367,S2-348551415,S2-352215857,S2-498001172,S2-523707559,S2-577525890,S2-584760377,S2-59167736,S2-645552896,S2-819778009,S2-870061051,S3-16078484,S3-170479705,S3-179214561,S3-222200982,S3-317956827,S3-372117999,S3-45552396,S3-688593102,S3-797598442,S3-81537653,S3-815706232,S3-950165485
S1-293244964	S2-136996306,S2-158678843,S2-261228864,S2-371153547,S2-382992771,S2-850775657,S2-936163128,S2-952382616,S2-979401692,S3-332198782,S3-382328733,S3-466990124,S3-510694856,S3-552599122,S3-606536333,S3-656099387,S3-790378506,S3-974339074
S1-872080679	
S1-578655170	S2-270257041,S2-361094954,S2-484483494,S2-799103240,S2-815296655,S2-954304309,S3-255883482,S3-459062046,S3-592645237,S3-891899299,S3-956930840
S1-855309387	S2-144753299,S2-190627117,S2-202615365,S2-213110901,S2-27508375,S2-502351575,S2-578898262,S2-591078525,S2-609451836,S2-643336283,S2-701496773,S2-79555866,S2-952003599,S2-963542969,S2-977553130,S3-150755425,S3-154569063,S3-159289951,S3-17977041,S3-234063215,S3-235011256,S3-303357574,S3-354252671,S3-435150918,S3-537516589,S3-566160421,S3-599115114,S3-612190510,S3-658437431,S3-667416946,S3-676664629,S3-738583899,S3-783337925,S3-787363465,S3-871418696,S3-88962579,S3-916228084,S3-934577839,S3-971533008
S1-849800146	S2-127971493,S2-155027971,S2-698810690,S2-722415249,S3-526611118
S1-950006929	S2-147498899,S2-575775738,S2-682253147,S3-237712181,S3-367901084
S1-477543769	S3-361815424,S3-693617736,S3-985177020
S1-533947051	S2-146077302,S2-1855489,S2-24099038,S2-259129144,S2-850040932,S2-919581150,S3-257334367,S3-344898999,S3-355441686,S3-422239732,S3-618712885,S3-628864616,S3-678318560,S3-720089041,S3-797870133,S3-800479703
S1-689992280	S2-782532258,S2-865328212,S3-116557348,S3-281331397,S3-351645299,S3-593560824,S3-643531990,S3-936796478
S1-827116132	S2-333593192,S2-49177043,S3-604566741
S1-130033627	
S1-200328362	
S1-822365624	S2-17724126,S2-186340265,S2-208918525,S2-465103305,S2-649103744,S2-693696241,S2-949815982,S3-180537830,S3-317441331,S3-865472414,S3-917307777
S1-973488776	
S1-13451015	S2-137062847,S2-148614998,S2-302380669,S2-327370520,S2-390887972,S2-425292799,S2-442562958,S2-470324870,S2-503966344,S2-521049331,S2-52880044,S2-639170764,S2-681817554,S2-697514180,S2-712485667,S3-10971390,S3-137769666,S3-200532536,S3-224280367,S3-561839301,S3-595855331,S3-750917543,S3-982209242
S1-618510970	S2-416136682,S2-815181762,S3-179939743,S3-366906184,S3-567419654,S3-59390885,S3-686244553,S3-973484056
S1-452851960	S2-644077752,S2-952319704,S3-28487348,S3-300948918,S3-443567711,S3-597801182,S3-662462001,S3-864302896,S3-991123962
S1-725672126	
S1-371215032	
S1-880149151	S2-164358904,S2-186023919,S2-261011595,S2-348428540,S2-391663677,S2-528929761,S2-630817745,S2-655126762,S2-758737311,S3-109368624,S3-132977414,S3-185580229,S3-243515600,S3-300517012,S3-39853179,S3-430704048,S3-50281059,S3-542159634,S3-604883637,S3-739606609,S3-839317527
S1-704316296	S2-120420573,S2-122768568,S2-326590840,S2-336500242,S2-418144525,S2-603597059,S2-625453224,S2-655225446,S2-664036246,S2-679408849,S2-683793701,S2-740240559,S2-91064584,S2-932412889,S2-974146456,S3-100659662,S3-169844964,S3-206218001,S3-23492958,S3-278868668,S3-349679455,S3-406354298,S3-426841085,S3-495344572,S3-49685889,S3-524929343,S3-574231294,S3-58952785,S3-620427329,S3-68321827,S3-743187888,S3-877097974,S3-937791576
S1-491775540	S2-167574210,S2-530685908,S2-734716146,S2-782765375
S1-503016984	S2-236502124,S2-337736101,S2-392578068,S2-523430582,S2-683268866,S2-889243203,S3-312303983,S3-639068343,S3-68589400,S3-754388223,S3-763214529,S3-949814105,S3-975820781
S1-446731231	S3-256502380,S3-383472275,S3-464552592,S3-689643077,S3-737656618,S3-979716721
S1-908289013	S2-667211271,S2-891359475
S1-450337428	S2-424599024,S2-574951813,S2-919585353,S2-950170744,S3-284848507,S3-303974048,S3-330359437,S3-344876478,S3-406452547,S3-689468380,S3-805987623,S3-997063274
S1-29596643	S2-138070868,S2-159767476,S2-162343921,S2-203520208,S2-333794572,S2-404433856,S2-46776363,S2-582941382,S2-803775063,S2-85673195,S2-909026146,S2-9185162,S2-981714593,S3-134959390,S3-173401907,S3-216167133,S3-289836575,S3-311368097,S3-31186638,S3-312169458,S3-378358364,S3-488950043,S3-852939504,S3-973665746
S1-601561210	S2-128136930,S2-399669447,S3-112039477,S3-170245253,S3-548034981,S3-637088900,S3-653634693,S3-763988006,S3-837926466,S3-999219872
S1-597171150	S2-221849659,S2-373166659,S2-401266314,S2-905269234,S3-15908992,S3-28336419,S3-751410011
S1-754410830	S2-146021424,S2-348424823,S2-473944983,S2-973405019,S3-11341631,S3-166024297,S3-198508352,S3-216689018,S3-222306979,S3-269012831,S3-360915051,S3-393769757,S3-496440095,S3-517069981,S3-64680692,S3-671760815,S3-697978106,S3-759411378,S3-902640883,S3-977845400
S1-995936163	
S1-990991704	S2-314417915,S3-348688896,S3-442784463,S3-544755829,S3-651884316,S3-925650490,S3-928342614
S1-52033338	
S1-717480913	S2-126608465,S2-212835906,S2-545840360,S2-753945924,S2-759355073,S2-841197515,S3-210636387,S3-312512383,S3-386500136,S3-612044641,S3-706010386,S3-908156758
S1-699194125	S3-386566766
S1-685163224	S2-144626367,S2-348551415,S2-352215857,S2-498001172,S2-523707559,S2-577525890,S2-584760377,S2-59167736,S2-645552896,S2-819778009,S2-870061051,S3-16078484,S3-170479705,S3-179214561,S3-222200982,S3-317956827,S3-372117999,S3-45552396,S3-688593102,S3-797598442,S3-81537653,S3-815706232,S3-950165485
S1-185787384	S2-221849659,S2-373166659,S2-401266314,S2-905269234,S3-15908992,S3-28336419,S3-751410011
S1-263986904	S2-109092801,S2-209855524,S2-26752288,S2-3563621,S2-357729475,S2-369982645,S2-422422785,S2-448980571,S2-495604525,S2-511948417,S2-530735679,S2-552252281,S2-614063508,S2-633118078,S2-749189466,S2-77964936,S2-7917188,S2-903939583,S3-107570578,S3-208600454,S3-297963283,S3-406281127,S3-564574230,S3-695524551,S3-764531598,S3-7775623,S3-782688867,S3-967820082
S1-109940605	S2-895992482,S3-887179076
S1-109569754	S2-109800469,S2-305794617,S2-492690381,S2-592287673,S2-768694729,S2-798589387,S2-902880487,S3-141829391,S3-426617067,S3-726527220,S3-901997932
S1-161663716	S2-276757029,S2-785659578,S2-795335462,S3-302297491,S3-618885734
S1-162695461	
S1-648022940	S2-15975240,S2-162385476,S2-219631774,S2-376908945,S2-40274524,S2-503202602,S2-546821026,S2-652980231,S2-792642549,S2-905094783,S3-245594796,S3-257431930,S3-318402319,S3-333699711,S3-367504316,S3-394225551,S3-425970770,S3-575828769,S3-620755797,S3-771777105,S3-899716627,S3-992362711
S1-807531920	S2-257990332,S2-401513784,S2-405084080,S3-369430171,S3-6822167,S3-745785960
S1-622031313	S2-178779915,S2-193182845,S3-283592810,S3-29698559,S3-410764289,S3-610839231,S3-879523477,S3-998051891
S1-147548498	S3-640539120
S1-26628666	S2-178717847,S2-288903558,S2-501770103,S2-54275281,S2-61770009,S2-878310190,S2-8966490,S3-305178177,S3-392593842,S3-54583905,S3-589030069,S3-605853037,S3-722922678,S3-872013487,S3-949816745
S1-240414034	S2-425387855,S3-168406580,S3-484600512
S1-377471644	S2-144753299,S2-190627117,S2-202615365,S2-213110901,S2-27508375,S2-502351575,S2-578898262,S2-591078525,S2-609451836,S2-643336283,S2-701496773,S2-79555866,S2-952003599,S2-963542969,S2-977553130,S3-150755425,S3-154569063,S3-159289951,S3-17977041,S3-234063215,S3-235011256,S3-303357574,S3-354252671,S3-435150918,S3-537516589,S3-566160421,S3-599115114,S3-612190510,S3-658437431,S3-667416946,S3-676664629,S3-738583899,S3-783337925,S3-787363465,S3-871418696,S3-88962579,S3-916228084,S3-934577839,S3-971533008
S1-795051867	S2-132734282,S2-476476786,S2-734527330,S2-817215507,S2-830750148,S2-928550996,S2-960008590,S3-11993669,S3-252766980,S3-348058065,S3-394904935,S3-48610040,S3-534038994,S3-54379086,S3-588887129,S3-760959067,S3-770412976,S3-800884602,S3-802551251,S3-863322721
S1-518221826	
S1-569486927	S2-308418230,S2-503434250,S2-590554293,S2-799684633,S2-898376436,S3-547831888,S3-622182382,S3-927424644
S1-788480541	S2-588922526,S2-96936622,S3-194882242,S3-392964257,S3-907062186
S1-650931728	S2-204433843,S2-27081170,S2-64310140,S2-712979578,S3-115541830,S3-137498619,S3-254085432,S3-258267104,S3-299849437,S3-617343658,S3-726496649,S3-729575875,S3-811112811,S3-927881041
S1-949970105	S3-743599689,S3-758344841
S1-224442543	S2-34516684,S3-167416646,S3-628542272,S3-927656784
S1-262086042	S3-250324284
S1-539063080	S2-506173780,S2-53493926,S3-537515619,S3-605817048
S1-758070549	S2-767165719,S3-989699491
S1-102067063	S2-657995058
S1-232798487	S3-61589354,S3-814932838
S1-105827392	
S1-906803032	S2-896768736,S3-125349995,S3-344640715
S1-42258623	S2-381027570,S2-546525441,S2-628914147,S2-824282783,S2-901160817,S3-154920616,S3-292794271,S3-462962560,S3-657521923,S3-748588813,S3-791006834,S3-829582795
S1-578070457	S3-191777631
S1-179448674	S2-109092801,S2-209855524,S2-26752288,S2-3563621,S2-357729475,S2-369982645,S2-422422785,S2-448980571,S2-495604525,S2-511948417,S2-530735679,S2-552252281,S2-614063508,S2-633118078,S2-749189466,S2-77964936,S2-7917188,S2-903939583,S3-107570578,S3-208600454,S3-297963283,S3-406281127,S3-564574230,S3-695524551,S3-764531598,S3-7775623,S3-782688867,S3-967820082
S1-377942865	S2-107418742,S2-173133274,S2-203099050,S2-205139630,S2-275916855,S2-313017868,S2-327038228,S2-339363122,S2-350216748,S2-544508980,S2-584072405,S2-594549752,S2-613021953,S2-676069227,S2-762033087,S2-775767530,S2-791497609,S2-870945320,S2-917596702,S2-961333344,S2-975502236,S3-108478336,S3-290413216,S3-331103538,S3-38298918,S3-394918230,S3-409858322,S3-525968369,S3-625382479,S3-714549028,S3-84626078,S3-862753957,S3-870758493,S3-873113499,S3-894132922,S3-902200356,S3-978287417
S1-117124656	
S1-993829678	
S1-170883326	S2-30600243
S1-966166665	S2-466061998,S2-817276686
S1-168402024	S2-146077302,S2-1855489,S2-24099038,S2-259129144,S2-850040932,S2-919581150,S3-257334367,S3-344898999,S3-355441686,S3-422239732,S3-618712885,S3-628864616,S3-678318560,S3-720089041,S3-797870133,S3-800479703
S1-432612382	S2-287130510,S2-417814323,S2-477732440,S2-594115095,S2-613647075,S2-6184028,S2-810688876,S2-836795067,S2-852667507,S2-903744231,S3-189524457,S3-201724763,S3-382077226,S3-464507396,S3-46615497,S3-638327343,S3-846354123,S3-847768849,S3-966047113,S3-988193270
S1-106694036	
S1-860696171	S2-488463193
S1-947779057	S2-703096481,S3-368251788,S3-430272493
S1-478187960	S2-102506722,S2-212291583,S2-214168322,S2-221740113,S2-287402090,S2-530371369,S2-610716894,S2-732475862,S2-855277631,S3-158901285,S3-220614352,S3-239374760,S3-295185170,S3-383620013,S3-570376004,S3-804520469,S3-882509848
S1-901582927	S2-245878292
S1-903791016	S2-394909781,S2-638336813,S2-665669145,S3-111338564,S3-218319884,S3-232673356,S3-242570502,S3-583410329
S1-11483643	S2-293341063,S2-394305051,S2-768046892,S2-845015105,S3-609579286
S1-347810367	
S1-557169552	S2-328567236,S2-402723648,S2-616562020
S1-618760923	S2-102577854,S2-235829911,S2-464227034,S2-518383016,S2-804834749,S2-917596066,S3-150887938,S3-280506081,S3-403147967,S3-526709055,S3-816820369
S1-342769339	
S1-533988643	
S1-683869141	S2-238991764,S2-349474257,S2-77241306,S2-844951699,S2-863913658,S2-944210661,S3-108808926,S3-138799336,S3-183512479,S3-503424006,S3-788116288,S3-802643354,S3-831127676,S3-852035874
S1-293619205	S2-896768736,S3-125349995,S3-344640715
S1-896292297	S2-11289213,S2-114346046,S2-149492730,S2-187280636,S2-196430197,S2-232369974,S2-259272566,S2-267512484,S2-307656815,S2-336821634,S2-383250982,S2-440275977,S2-553131106,S2-578696051,S2-701569888,S2-712589867,S2-731381882,S2-797734182,S2-847002995,S2-934199330,S2-941338685,S2-94963167,S3-135262039,S3-171074822,S3-192596980,S3-224734353,S3-427563272,S3-540294624,S3-713718131,S3-784451810,S3-856892486,S3-89737646,S3-926504171,S3-955316494
S1-926971348	S2-122111530,S2-129120246,S2-144521339,S2-158348838,S2-197244160,S2-218337544,S2-247578766,S2-269915770,S2-278143016,S2-366639312,S2-437164887,S2-478502951,S2-568518852,S2-630111107,S2-675644302,S2-681236478,S2-738029460,S2-771973719,S2-779489051,S2-990228657,S3-104229032,S3-124851595,S3-415820845,S3-426449641,S3-547566998,S3-649030755,S3-71504117,S3-768243216,S3-871131653,S3-89812550,S3-927437250
S1-329066163	S2-370796080,S2-403068287,S2-435114688,S2-458816444,S2-488337772,S2-571060512,S2-786123845,S2-990903288,S3-469810572,S3-749393473,S3-844923758,S3-981195947
S1-658544337	S2-17479886,S2-454447953,S2-690368889,S3-260280729,S3-261463289,S3-264153527,S3-393476343,S3-479259215,S3-73001146,S3-968408145
S1-137870529	S2-435860715,S2-496485419,S2-53149930,S2-614285206,S2-630783962,S2-947518533,S3-132042998,S3-148975276,S3-300408577,S3-305215419,S3-352588206,S3-367677565,S3-455819966,S3-459592939,S3-496261830,S3-543902884,S3-585887933,S3-595620152,S3-627046566,S3-645362908,S3-726443097,S3-746130087,S3-810545842,S3-8200545
S1-486008614	
S1-935841397	S2-137677962,S2-154919695,S2-182040116,S2-262075502,S2-450038746,S2-540182433,S2-706014502,S2-881793169,S3-139707823,S3-275879649,S3-401350368,S3-482653839,S3-495723313,S3-704923712,S3-740414968,S3-931581246
S1-326846186	S2-146021424,S2-348424823,S2-473944983,S2-973405019,S3-11341631,S3-166024297,S3-198508352,S3-216689018,S3-222306979,S3-269012831,S3-360915051,S3-393769757,S3-496440095,S3-517069981,S3-64680692,S3-671760815,S3-697978106,S3-759411378,S3-902640883,S3-977845400
S1-711330965	
S1-722405675	S2-358906668,S2-681129137,S2-939985815,S3-151797680,S3-27965581,S3-363219875,S3-617023108,S3-743234125,S3-854111235,S3-971460215
S1-463287529	S2-157009014,S2-193192546,S2-284777044,S2-457753565,S2-621212069,S2-91100310,S2-991869053,S3-102646557,S3-119482634,S3-24139544,S3-257866797,S3-300797169,S3-30381899,S3-32557122,S3-649109731,S3-80602358,S3-919029749,S3-990105007
S1-149411806	S2-389495632
S1-541361289	
S1-977429262	S2-24864501,S2-737315655,S2-753888124,S3-110476416,S3-264170444,S3-30565569,S3-327825833,S3-384216847,S3-407559541,S3-52817413,S3-560657213,S3-647503457,S3-652123162,S3-739068530,S3-781390248,S3-908148625
S1-11172779	S2-41390641,S2-958482745,S3-125301343,S3-728112939
S1-350174317	S2-692000651,S3-231858674,S3-729562750
S1-279892562	S2-506830401,S2-897051486
S1-822292739	S2-209153801,S2-275408088,S2-49950306,S2-629664925,S2-674483606,S2-701170761,S2-72495135,S2-820001061,S2-827722721,S2-881711235,S2-945056046,S2-974901754,S3-149378749,S3-320245646,S3-394837108,S3-464088678,S3-515633719,S3-518579107,S3-604980231,S3-651475258,S3-652518072,S3-80022901,S3-994013896
S1-272127430	S2-689294277
S1-667764898	S2-112537011,S2-348013081,S2-393902595,S2-63540086,S2-685938318,S2-686803202,S2-695880094,S2-788345577,S2-972432542,S3-121588968,S3-212565493,S3-249945466,S3-277057080,S3-281274274,S3-307928368,S3-326861904,S3-379506900,S3-421154203,S3-531644148,S3-536236212,S3-541818572,S3-575522215,S3-641559642,S3-725881781,S3-927491453
S1-581382815	S2-106302105,S2-167404095,S2-171106432,S2-205673722,S2-231978756,S2-254237917,S2-385507714,S2-495179311,S2-550575729,S2-621702363,S2-669641587,S2-711782291,S2-714159457,S2-721675766,S2-732602678,S2-773299493,S2-779040268,S2-978100588,S2-989006664,S2-990393867,S3-159233685,S3-17081506,S3-211675770,S3-2236344,S3-250625656,S3-287338294,S3-375705641,S3-522214407,S3-54058639,S3-548097310,S3-579498448,S3-606370443,S3-607443480,S3-758735081,S3-803739853,S3-804274330,S3-82573141,S3-900509177,S3-900511946,S3-994099841
S1-473952711	S2-107418742,S2-173133274,S2-203099050,S2-205139630,S2-275916855,S2-313017868,S2-327038228,S2-339363122,S2-350216748,S2-544508980,S2-584072405,S2-594549752,S2-613021953,S2-676069227,S2-762033087,S2-775767530,S2-791497609,S2-870945320,S2-917596702,S2-961333344,S2-975502236,S3-108478336,S3-290413216,S3-331103538,S3-38298918,S3-394918230,S3-409858322,S3-525968369,S3-625382479,S3-714549028,S3-84626078,S3-862753957,S3-870758493,S3-873113499,S3-894132922,S3-902200356,S3-978287417
S1-221315364	S2-564259126,S3-311423133,S3-561619614,S3-881734932
S1-250931789	S2-103646900,S2-108535553,S2-193013091,S2-280607105,S2-730530508,S2-832382132,S3-433377070,S3-490472859,S3-515547621,S3-812441050,S3-915085468
S1-598934460	S2-588922526,S2-96936622,S3-194882242,S3-392964257,S3-907062186
S1-584697437	S2-106302105,S2-167404095,S2-171106432,S2-205673722,S2-231978756,S2-254237917,S2-385507714,S2-495179311,S2-550575729,S2-621702363,S2-669641587,S2-711782291,S2-714159457,S2-721675766,S2-732602678,S2-773299493,S2-779040268,S2-978100588,S2-989006664,S2-990393867,S3-159233685,S3-17081506,S3-211675770,S3-2236344,S3-250625656,S3-287338294,S3-375705641,S3-522214407,S3-54058639,S3-548097310,S3-579498448,S3-606370443,S3-607443480,S3-758735081,S3-803739853,S3-804274330,S3-82573141,S3-900509177,S3-900511946,S3-994099841
S1-405602194	S2-370796080,S2-403068287,S2-435114688,S2-458816444,S2-488337772,S2-571060512,S2-786123845,S2-990903288,S3-469810572,S3-749393473,S3-844923758,S3-981195947
S1-608664540	S2-144753299,S2-190627117,S2-202615365,S2-213110901,S2-27508375,S2-502351575,S2-578898262,S2-591078525,S2-609451836,S2-643336283,S2-701496773,S2-79555866,S2-952003599,S2-963542969,S2-977553130,S3-150755425,S3-154569063,S3-159289951,S3-17977041,S3-234063215,S3-235011256,S3-303357574,S3-354252671,S3-435150918,S3-537516589,S3-566160421,S3-599115114,S3-612190510,S3-658437431,S3-667416946,S3-676664629,S3-738583899,S3-783337925,S3-787363465,S3-871418696,S3-88962579,S3-916228084,S3-934577839,S3-971533008
S1-84451840	S2-106341849,S2-200454250,S2-236730713,S2-424998513,S2-485885002,S2-570347335,S2-677910159,S2-704409228,S2-751407165,S2-861422809,S3-142534241,S3-249548916,S3-269283294,S3-340665809,S3-377978037,S3-438945245,S3-447259837,S3-636367698,S3-658846820,S3-724890250,S3-823559113,S3-823935201,S3-835801910,S3-908996282
S1-167638623	S2-187909971,S2-265013845,S2-598036698,S2-620867050,S3-331435880,S3-868661152
S1-956897563	S2-225002758,S2-241202186,S2-321209367,S2-347609684,S2-491106709,S2-531520525,S2-53252297,S2-594478805,S2-627244643,S2-634075314,S2-647018730,S2-655145043,S2-815115300,S2-860341701,S2-878103105,S2-896940804,S2-914028822,S2-97863107,S3-132387402,S3-24511714,S3-277275384,S3-33038817,S3-33351973,S3-384288094,S3-4681575,S3-585405201,S3-716805174,S3-803351005
S1-729467781	S2-388029707,S2-934716922,S3-660659868,S3-77655688,S3-825560582,S3-915330451
S1-80773469	
S1-513599911	
S1-533522938	S2-249416997,S2-504872199,S2-823243394,S2-86458130,S3-629889028,S3-645469146,S3-797381132,S3-858132953
S1-581757578	S2-117184155,S2-118916909,S2-147483891,S2-160424028,S2-193510687,S2-225679664,S2-226359557,S2-305089827,S2-417275383,S2-436185882,S2-475221902,S2-520321005,S2-525662290,S2-561915559,S2-562106308,S2-666810841,S2-697505520,S2-732155812,S2-878884039,S2-883181682,S3-25237004,S3-266959944,S3-313808237,S3-425715498,S3-427686932,S3-452347005,S3-464265492,S3-572432762,S3-581743070,S3-637293328,S3-76340991,S3-768957450,S3-830619303,S3-863070168,S3-931358398,S3-986560205,S3-986739557
S1-657558693	S2-173235179,S2-183629486,S2-262925857,S2-270743332,S2-376731850,S2-419871213,S2-475512986,S2-67302890,S2-693718639,S2-825301015,S2-970751118,S3-148220805,S3-214411326,S3-277730934,S3-446409255,S3-744034653
S1-402494925	
S1-387016214	S2-137707160,S2-146193186,S2-218619721,S2-23519898,S2-305637735,S2-340146518,S2-389924615,S2-402379517,S2-438565549,S2-444544903,S2-445039677,S2-447963596,S2-551128687,S2-722018212,S2-73405617,S2-771092155,S2-801803424,S2-832266307,S3-163458967,S3-168748626,S3-373462158,S3-441543576,S3-549736271,S3-553516582,S3-601197303,S3-611106860,S3-667815823,S3-697396640,S3-727698517,S3-755405825,S3-812550378,S3-816742816,S3-857937906
S1-266555379	S2-24864501,S2-737315655,S2-753888124,S3-110476416,S3-264170444,S3-30565569,S3-327825833,S3-384216847,S3-407559541,S3-52817413,S3-560657213,S3-647503457,S3-652123162,S3-739068530,S3-781390248,S3-908148625
S1-669776689	S2-122111530,S2-129120246,S2-144521339,S2-158348838,S2-197244160,S2-218337544,S2-247578766,S2-269915770,S2-278143016,S2-366639312,S2-437164887,S2-478502951,S2-568518852,S2-630111107,S2-675644302,S2-681236478,S2-738029460,S2-771973719,S2-779489051,S2-990228657,S3-104229032,S3-124851595,S3-415820845,S3-426449641,S3-547566998,S3-649030755,S3-71504117,S3-768243216,S3-871131653,S3-89812550,S3-927437250
S1-225034106	S2-270848867,S2-324155627,S2-434748052,S2-443914902,S2-698402384,S3-270079398,S3-35031835,S3-440105902,S3-440245129,S3-510277949,S3-515155753,S3-532782484,S3-619003652,S3-958476355,S3-9842107,S3-994639712
S1-751033619	S2-199021860,S2-207475754,S2-259971131,S2-300418926,S2-324022434,S2-337630109,S2-354323098,S2-728600537,S2-755580789,S2-797876474,S2-805826813,S2-830655236,S2-862159216,S3-38186343,S3-402077562,S3-425451804,S3-566474728,S3-623606901,S3-629743833,S3-742790373,S3-757735462,S3-788075081,S3-892319511
S1-976424391	S2-66089939,S3-621061968
S1-519677292	S2-651461416,S3-179859314,S3-351848971,S3-560440324,S3-646365307
S1-443534708	S2-209153801,S2-275408088,S2-49950306,S2-629664925,S2-674483606,S2-701170761,S2-72495135,S2-820001061,S2-827722721,S2-881711235,S2-945056046,S2-974901754,S3-149378749,S3-320245646,S3-394837108,S3-464088678,S3-515633719,S3-518579107,S3-604980231,S3-651475258,S3-652518072,S3-80022901,S3-994013896
S1-382169090	S2-517642599,S2-593639660,S3-957733239
S1-790517362	S2-106341849,S2-200454250,S2-236730713,S2-424998513,S2-485885002,S2-570347335,S2-677910159,S2-704409228,S2-751407165,S2-861422809,S3-142534241,S3-249548916,S3-269283294,S3-340665809,S3-377978037,S3-438945245,S3-447259837,S3-636367698,S3-658846820,S3-724890250,S3-823559113,S3-823935201,S3-835801910,S3-908996282
S1-880615423	S3-732988629
S1-449179193	
S1-48180936	S2-728473869,S3-216316195,S3-216508315,S3-303984057,S3-328729045
S1-427642601	
S1-912943762	S2-212189457,S2-755350893,S2-94378070,S3-146786928,S3-806367166
S1-671491624	S2-106302105,S2-167404095,S2-171106432,S2-205673722,S2-231978756,S2-254237917,S2-385507714,S2-495179311,S2-550575729,S2-621702363,S2-669641587,S2-711782291,S2-714159457,S2-721675766,S2-732602678,S2-773299493,S2-779040268,S2-978100588,S2-989006664,S2-990393867,S3-159233685,S3-17081506,S3-211675770,S3-2236344,S3-250625656,S3-287338294,S3-375705641,S3-522214407,S3-54058639,S3-548097310,S3-579498448,S3-606370443,S3-607443480,S3-758735081,S3-803739853,S3-804274330,S3-82573141,S3-900509177,S3-900511946,S3-994099841
S1-55716966	S2-24864501,S2-737315655,S2-753888124,S3-110476416,S3-264170444,S3-30565569,S3-327825833,S3-384216847,S3-407559541,S3-52817413,S3-560657213,S3-647503457,S3-652123162,S3-739068530,S3-781390248,S3-908148625
S1-98549181	S2-761740572
S1-815606753	S2-106341849,S2-200454250,S2-236730713,S2-424998513,S2-485885002,S2-570347335,S2-677910159,S2-704409228,S2-751407165,S2-861422809,S3-142534241,S3-249548916,S3-269283294,S3-340665809,S3-377978037,S3-438945245,S3-447259837,S3-636367698,S3-658846820,S3-724890250,S3-823559113,S3-823935201,S3-835801910,S3-908996282
S1-407721399	S2-100287528,S2-230370029,S2-255716908,S2-260630112,S2-285549357,S2-297133466,S2-474435815,S2-478128946,S2-515979654,S2-641757866,S2-716393519,S2-799710062,S2-878037834,S2-995631959,S3-174735914,S3-188040886,S3-293451121,S3-337987909,S3-338787581,S3-366311053,S3-42046426,S3-433890805,S3-449701781,S3-455166983,S3-460674044,S3-582251778,S3-834921847,S3-889671181,S3-901463641,S3-949240092
S1-796461188	S2-178055008,S2-650640716,S2-857504798,S3-131933643,S3-221392550
S1-959883069	
S1-166391907	S2-24864501,S2-737315655,S2-753888124,S3-110476416,S3-264170444,S3-30565569,S3-327825833,S3-384216847,S3-407559541,S3-52817413,S3-560657213,S3-647503457,S3-652123162,S3-739068530,S3-781390248,S3-908148625
S1-726276781	S2-2290894,S3-150860631,S3-219316014,S3-325472450,S3-70943176,S3-999731352
S1-120806394	S2-21994381,S2-462027197,S3-177391666,S3-255150389
S1-391836868	
S1-200079725	
S1-765276200	S2-178090129,S2-341701047,S2-442790965,S2-61450010,S2-625261410,S2-796991793,S2-866007390,S2-972082357,S2-974941035,S3-191842349,S3-250626764,S3-287107415,S3-662861736,S3-739603593,S3-834923262,S3-866741477
S1-899317092	S2-197384460,S2-399928695,S2-479477181
S1-775310986	S2-438574200,S2-446226433,S2-538322067,S2-650268734,S2-672392100,S2-751803074,S3-710005777,S3-739895897
S1-305472241	
S1-865063383	S2-199021860,S2-207475754,S2-259971131,S2-300418926,S2-324022434,S2-337630109,S2-354323098,S2-728600537,S2-755580789,S2-797876474,S2-805826813,S2-830655236,S2-862159216,S3-38186343,S3-402077562,S3-425451804,S3-566474728,S3-623606901,S3-629743833,S3-742790373,S3-757735462,S3-788075081,S3-892319511
S1-264694687	
S1-526715015	S2-769905076,S3-880803289
S1-299047552	S3-615596568,S3-803869424
S1-983022047	
S1-864843313	S2-232526571,S2-587119929,S3-225347357,S3-389223204,S3-415114076,S3-84982566
S1-301477237	
S1-673136886	S2-225002758,S2-241202186,S2-321209367,S2-347609684,S2-491106709,S2-531520525,S2-53252297,S2-594478805,S2-627244643,S2-634075314,S2-647018730,S2-655145043,S2-815115300,S2-860341701,S2-878103105,S2-896940804,S2-914028822,S2-97863107,S3-132387402,S3-24511714,S3-277275384,S3-33038817,S3-33351973,S3-384288094,S3-4681575,S3-585405201,S3-716805174,S3-803351005
S1-230813348	S2-113326832,S2-213410962,S2-225538585,S2-285450678,S2-303014768,S2-315328338,S2-512860425,S2-522562820,S2-724700602,S2-889891267,S2-935678953,S2-985055685,S2-989098108,S3-121571566,S3-273272215,S3-31888634,S3-334356676,S3-350733729,S3-38955982,S3-4886539,S3-496087702,S3-609556235,S3-664375045,S3-677352980,S3-698630993,S3-737363811,S3-743825885,S3-759564257,S3-800141967,S3-802883757,S3-824732621,S3-846163852,S3-869386678
S1-404917346	S2-136996306,S2-158678843,S2-261228864,S2-371153547,S2-382992771,S2-850775657,S2-936163128,S2-952382616,S2-979401692,S3-332198782,S3-382328733,S3-466990124,S3-510694856,S3-552599122,S3-606536333,S3-656099387,S3-790378506,S3-974339074
S1-672593972	S2-23871542,S2-630503409,S2-666211711,S3-240733649,S3-281100873,S3-284715638,S3-53603101,S3-669498794,S3-728302984,S3-748187861,S3-761381154
S1-541465582	
S1-703209922	S2-20473893,S2-26734655,S2-687014363,S3-569023404,S3-616613770,S3-680082767
S1-985578465	S2-107557903,S2-188947665,S2-824156374,S2-861748088,S3-780716492
S1-602902072	S2-105744335,S2-120300748,S2-216338042,S2-361065074,S2-550277993,S2-674544983,S2-719864134,S2-778119223,S3-317555456,S3-377994649,S3-417661216,S3-42105685,S3-555769770,S3-670887747,S3-734694785,S3-762435762,S3-7872523,S3-890827221
S1-487057151	
S1-736800651	S2-168557846,S2-666190859
S1-935703327	S2-157044011,S2-187082432,S2-193575302,S2-203702674,S2-288028532,S2-340448960,S2-37648982,S2-400361213,S2-597088527,S2-677475250,S2-769531847,S2-802854591,S2-893868016,S2-912675656,S2-973495524,S3-339637043,S3-454363465,S3-46662325,S3-497996246,S3-653864069,S3-789066925,S3-810888025,S3-813216849,S3-841542679,S3-916791926
S1-308849584	S2-137707160,S2-146193186,S2-218619721,S2-23519898,S2-305637735,S2-340146518,S2-389924615,S2-402379517,S2-438565549,S2-444544903,S2-445039677,S2-447963596,S2-551128687,S2-722018212,S2-73405617,S2-771092155,S2-801803424,S2-832266307,S3-163458967,S3-168748626,S3-373462158,S3-441543576,S3-549736271,S3-553516582,S3-601197303,S3-611106860,S3-667815823,S3-697396640,S3-727698517,S3-755405825,S3-812550378,S3-816742816,S3-857937906
S1-61384671	S2-157845190,S2-307351456,S2-435938329,S2-734979295,S2-741561142,S3-247930396,S3-258295008,S3-271129542,S3-288818284,S3-562354478,S3-739497989,S3-759656363,S3-812853393,S3-853414998,S3-878176472
S1-852148273	S2-225002758,S2-241202186,S2-321209367,S2-347609684,S2-491106709,S2-531520525,S2-53252297,S2-594478805,S2-627244643,S2-634075314,S2-647018730,S2-655145043,S2-815115300,S2-860341701,S2-878103105,S2-896940804,S2-914028822,S2-97863107,S3-132387402,S3-24511714,S3-277275384,S3-33038817,S3-33351973,S3-384288094,S3-4681575,S3-585405201,S3-716805174,S3-803351005
S1-787461836	S2-146077302,S2-1855489,S2-24099038,S2-259129144,S2-850040932,S2-919581150,S3-257334367,S3-344898999,S3-355441686,S3-422239732,S3-618712885,S3-628864616,S3-678318560,S3-720089041,S3-797870133,S3-800479703
S1-629887537	
S1-71595254	
S1-140373393	
S1-712418507	S2-106131253,S2-181438613,S2-19953999,S2-204417353,S2-456960119,S2-503805402,S2-541960990,S2-550625611,S2-728794279,S2-767759414,S2-783082192,S3-127955122,S3-13286575,S3-13644754,S3-234739408,S3-283300363,S3-316083080,S3-39219004,S3-421243982,S3-471889293,S3-506810019,S3-535972716,S3-628663985,S3-697751528,S3-783843091,S3-853704128,S3-885192903,S3-91625048
S1-515072958	
S1-197280203	S2-346644481,S2-358267895,S3-45883756,S3-857183109
S1-794806928	S2-133736998,S2-435351865,S2-544842505,S2-591876506,S2-647683335,S2-742524844,S2-842964322,S2-904174951,S2-916383925,S2-919703139,S3-180087778,S3-184308551,S3-219041197,S3-231099763,S3-431726820,S3-43921441,S3-652441284,S3-899060606,S3-92692166
S1-195675964	S2-107557903,S2-188947665,S2-824156374,S2-861748088,S3-780716492
S1-245620451	S2-204135404,S2-334939365,S2-378899921,S2-456609209,S2-57997145,S2-970392758,S3-397998767,S3-507818072,S3-775201033,S3-781072071,S3-943611546
S1-402387176	S2-139431889,S2-351805720,S2-54976098,S2-581613463,S2-753864241,S2-772877325,S3-577972146,S3-696693948,S3-883789863
S1-218107486	S3-183960709,S3-320542108
S1-899593553	S2-255206378,S2-396366670,S3-446353128
S1-103648967	S2-102506722,S2-212291583,S2-214168322,S2-221740113,S2-287402090,S2-530371369,S2-610716894,S2-732475862,S2-855277631,S3-158901285,S3-220614352,S3-239374760,S3-295185170,S3-383620013,S3-570376004,S3-804520469,S3-882509848
S1-186871220	S3-319252793,S3-355603103
S1-856200540	S2-246629472,S2-968148807,S3-609959163
S1-952064431	S2-331483512,S2-385808099,S2-603458279,S3-173981567,S3-462612360,S3-589966304,S3-743202514,S3-852419553,S3-896032795
S1-15967051	S2-242803736,S2-407777610,S2-532663623,S2-548299263,S2-644861038,S2-988819067,S3-301727539,S3-370275273,S3-372655226,S3-794015156,S3-81098585,S3-813309701,S3-864565229
S1-499785692	S2-107418742,S2-173133274,S2-203099050,S2-205139630,S2-275916855,S2-313017868,S2-327038228,S2-339363122,S2-350216748,S2-544508980,S2-584072405,S2-594549752,S2-613021953,S2-676069227,S2-762033087,S2-775767530,S2-791497609,S2-870945320,S2-917596702,S2-961333344,S2-975502236,S3-108478336,S3-290413216,S3-331103538,S3-38298918,S3-394918230,S3-409858322,S3-525968369,S3-625382479,S3-714549028,S3-84626078,S3-862753957,S3-870758493,S3-873113499,S3-894132922,S3-902200356,S3-978287417
S1-954789288	S2-102506722,S2-212291583,S2-214168322,S2-221740113,S2-287402090,S2-530371369,S2-610716894,S2-732475862,S2-855277631,S3-158901285,S3-220614352,S3-239374760,S3-295185170,S3-383620013,S3-570376004,S3-804520469,S3-882509848
S1-543400611	S2-164012387,S2-20595754,S3-138925202,S3-199886610,S3-248697935,S3-275270650,S3-306363745,S3-778241131,S3-811459169,S3-876404549,S3-879108221,S3-990113053
S1-552047258	S3-198447397
S1-654184515	S2-847938260
S1-276858394	S3-256502380,S3-383472275,S3-464552592,S3-689643077,S3-737656618,S3-979716721
S1-533888847	S2-234200980,S2-258187741,S2-609571259,S2-651671642,S3-414627989,S3-523374695,S3-744350656,S3-780383003,S3-815732391
S1-323057996	
S1-320086079	S2-409717420,S2-440104204,S2-571755639,S2-911722555,S2-990897950,S3-212809372,S3-277477504,S3-334325233,S3-354193409,S3-451401837,S3-527660042,S3-746507879,S3-80000045,S3-923888648
S1-855616906	
S1-744754397	S2-272607771,S2-566189514,S2-668646500,S2-870175950,S3-282500774,S3-335312367,S3-636001365
S1-152508801	S2-242438985,S2-487584376,S2-504393659,S2-568370010,S2-57063876,S2-617546497,S2-667838369,S2-936130151,S2-947116767,S2-987123781,S2-998468748,S3-162626400,S3-222120,S3-229308777,S3-52491675,S3-707502882,S3-937510720
S1-307615125	S2-244769817,S2-50247137,S2-61211378,S2-691286542,S2-858549926,S2-884576375,S3-216875938,S3-550588490
S1-143536197	S2-230456352,S2-237686979,S2-392859085,S2-400190057,S2-473901386,S2-525111161,S2-553717715,S2-699920476,S2-700195651,S2-715963433,S2-763230362,S2-933865098,S2-992757697,S3-245675405,S3-284591976,S3-31689253,S3-372085852,S3-41984143,S3-420740059,S3-486263733,S3-550133832,S3-582674700,S3-611302121,S3-616917127,S3-629508691
S1-618419675	
S1-259620026	S2-619262991,S2-749794857,S2-815602099,S3-203598800,S3-239578169,S3-336697476,S3-507474950,S3-693131957,S3-717293636,S3-736494730,S3-764042806,S3-898541620,S3-922550338
S1-584838253	S2-384798578,S2-681271230,S2-757534042,S2-933042885,S3-412434453,S3-439631606,S3-471499195,S3-504811762,S3-646547625,S3-733559899,S3-771005588,S3-862685733,S3-941955134
S1-39575732	S3-965663606
S1-692949559	S2-660971916,S3-616667515,S3-653990373,S3-747205629,S3-895523392
S1-777929094	S2-108785440,S2-397172392,S2-430858827,S2-693790115,S2-71566087,S2-773257998,S2-829331049,S2-930372797,S2-939764847,S3-273800636,S3-295126862,S3-498143635,S3-549591879,S3-563405590,S3-709547160
S1-31931266	S2-137809473,S2-225875508,S2-2576332,S2-290662910,S2-322737020,S2-509377287,S3-23781571,S3-602454206,S3-797737427,S3-834289716,S3-880532265
S1-337081657	S2-13834750,S2-419031945,S2-45006111,S2-917258438,S3-141017219,S3-64868920
S1-478404464	
S1-916370847	S2-106040943,S2-322679152,S2-347685480,S2-598312557,S2-744098365,S3-132198355,S3-245669549,S3-605923847,S3-647541936,S3-65006793,S3-662956244,S3-742213830
S1-373387246	S2-208020208,S2-267369607,S2-269019010,S2-273870631,S2-28297580,S2-359304353,S2-800912964,S2-864008612,S2-887992542,S2-934098100,S3-174325500,S3-223265651,S3-381069649,S3-461733052,S3-506288967,S3-557563735,S3-622376847,S3-934378613,S3-95072393,S3-984823715
S1-769814533	S2-357849291,S2-668435606,S2-690275089,S2-726616192,S2-731708376,S2-767658445,S2-853578683,S2-944804286,S2-995144997,S3-206209303,S3-228318557,S3-359754423,S3-51353956,S3-577689079,S3-581223636,S3-689205085,S3-736005762,S3-819791476,S3-845342470
S1-423303116	
S1-765122448	S2-518396562,S2-787004861,S2-905010895,S2-924441277,S2-949800978,S2-973152754,S3-68041909,S3-716946473,S3-742570614,S3-978292739
S1-143143410	S2-435860715,S2-496485419,S2-53149930,S2-614285206,S2-630783962,S2-947518533,S3-132042998,S3-148975276,S3-300408577,S3-305215419,S3-352588206,S3-367677565,S3-455819966,S3-459592939,S3-496261830,S3-543902884,S3-585887933,S3-595620152,S3-627046566,S3-645362908,S3-726443097,S3-746130087,S3-810545842,S3-8200545
S1-45193124	S2-129978017,S2-245655643,S2-997149889,S3-585727029,S3-828183554
S1-957659829	S2-24864501,S2-737315655,S2-753888124,S3-110476416,S3-264170444,S3-30565569,S3-327825833,S3-384216847,S3-407559541,S3-52817413,S3-560657213,S3-647503457,S3-652123162,S3-739068530,S3-781390248,S3-908148625
S1-783895442	S2-272264130,S2-290520205,S2-402845317,S2-408784329,S2-737183955,S3-361033051,S3-540668083,S3-898865172
S1-241194969	S2-120420573,S2-122768568,S2-326590840,S2-336500242,S2-418144525,S2-603597059,S2-625453224,S2-655225446,S2-664036246,S2-679408849,S2-683793701,S2-740240559,S2-91064584,S2-932412889,S2-974146456,S3-100659662,S3-169844964,S3-206218001,S3-23492958,S3-278868668,S3-349679455,S3-406354298,S3-426841085,S3-495344572,S3-49685889,S3-524929343,S3-574231294,S3-58952785,S3-620427329,S3-68321827,S3-743187888,S3-877097974,S3-937791576
S1-906946241	S2-50751596,S3-347519927,S3-535285350
S1-660027440	
S1-461670379	S2-150706107,S2-355864734,S2-890272152,S3-230826566,S3-312735805,S3-55616773,S3-660786653,S3-758086290
S1-985740908	S2-200057613,S2-226188917,S2-232929346,S2-258274492,S2-436970609,S2-691788561,S2-910429483,S2-911595810,S2-97743947,S3-122921708,S3-180083185,S3-258829439,S3-287052653,S3-361903786,S3-578791040,S3-768621721,S3-967822899,S3-975766430
S1-870743390	S2-19070854,S2-246962686,S2-36822895,S2-499913229,S2-673373120,S2-818656339,S2-889554500,S2-974449426,S3-172493361,S3-267516505,S3-797230566
S1-575174642	S2-681468189
S1-828526849	S2-29491413,S3-260803297
S1-670774972	S2-689294277
S1-222836798	S2-448132798,S2-927025401
S1-941927098	
S1-36050400	S2-118015442,S2-306194907,S2-476468994,S2-646937648,S2-753100466,S3-654939501
S1-480447397	S2-178090129,S2-341701047,S2-442790965,S2-61450010,S2-625261410,S2-796991793,S2-866007390,S2-972082357,S2-974941035,S3-191842349,S3-250626764,S3-287107415,S3-662861736,S3-739603593,S3-834923262,S3-866741477
S1-810784492	S2-66101295
S1-311974093	S2-116390537,S2-1258962,S2-177873237,S2-248233059,S2-256848140,S2-270019533,S2-282832343,S2-307956418,S2-313905133,S2-332771680,S2-388594236,S2-39832293,S2-406825129,S2-44528425,S2-468679211,S2-493391928,S2-543720234,S2-547681647,S2-567273417,S2-59192725,S2-631498537,S2-639250156,S2-64076813,S2-64960194,S2-654562074,S2-667998932,S2-677512797,S2-681782072,S2-77137709,S2-805046231,S2-810544429,S2-813354914,S2-827490060,S2-867640379,S2-902293027,S2-90928248,S2-923308925,S2-923432289,S2-93393917,S2-936193093,S2-943071781,S2-943192804,S2-973829984,S3-220702244,S3-236881445,S3-549298,S3-674207500,S3-844042071,S3-909974680,S3-96366507
S1-59070872	S2-895992482,S3-887179076
S1-226072612	S2-21994381,S2-462027197,S3-177391666,S3-255150389
S1-142032781	S2-128136930,S2-399669447,S3-112039477,S3-170245253,S3-548034981,S3-637088900,S3-653634693,S3-763988006,S3-837926466,S3-999219872
S1-45340570	S2-145315497,S2-151772630,S2-172931439,S2-205258802,S2-22034959,S2-270521088,S2-333797245,S2-375611524,S2-406414266,S2-463366311,S2-481010747,S2-525544135,S2-562046488,S2-563202302,S2-564160312,S2-578321005,S2-672458933,S2-777926654,S2-778054427,S2-783711706,S2-789238637,S2-805068624,S2-805328552,S2-824266066,S2-83210015,S2-835343544,S2-851636302,S2-861216758,S2-87473476,S2-946828495,S2-949382251,S2-989931439,S3-155137912,S3-231992200,S3-246690251,S3-262561718,S3-289000533,S3-43782514,S3-513583430,S3-533188670,S3-538579257,S3-570216123,S3-580252602,S3-669066186,S3-76562507,S3-767454070,S3-795894021,S3-801858031,S3-885753441,S3-995733240
S1-917054737	S2-402158550,S2-420358630,S2-432415976,S2-44290848,S2-471712099,S2-676090398,S2-68441818,S2-695952869,S2-938237512,S2-975659148,S3-660173531,S3-863521415,S3-867086595,S3-946791204
S1-740535429	S2-116390537,S2-1258962,S2-177873237,S2-248233059,S2-256848140,S2-270019533,S2-282832343,S2-307956418,S2-313905133,S2-332771680,S2-388594236,S2-39832293,S2-406825129,S2-44528425,S2-468679211,S2-493391928,S2-543720234,S2-547681647,S2-567273417,S2-59192725,S2-631498537,S2-639250156,S2-64076813,S2-64960194,S2-654562074,S2-667998932,S2-677512797,S2-681782072,S2-77137709,S2-805046231,S2-810544429,S2-813354914,S2-827490060,S2-867640379,S2-902293027,S2-90928248,S2-923308925,S2-923432289,S2-93393917,S2-936193093,S2-943071781,S2-943192804,S2-973829984,S3-220702244,S3-236881445,S3-549298,S3-674207500,S3-844042071,S3-909974680,S3-96366507
S1-547382550	S2-137707160,S2-146193186,S2-218619721,S2-23519898,S2-305637735,S2-340146518,S2-389924615,S2-402379517,S2-438565549,S2-444544903,S2-445039677,S2-447963596,S2-551128687,S2-722018212,S2-73405617,S2-771092155,S2-801803424,S2-832266307,S3-163458967,S3-168748626,S3-373462158,S3-441543576,S3-549736271,S3-553516582,S3-601197303,S3-611106860,S3-667815823,S3-697396640,S3-727698517,S3-755405825,S3-812550378,S3-816742816,S3-857937906
S1-705324532	S2-480915493,S2-809690243,S2-848968601,S3-362373055,S3-591907618,S3-72242470,S3-737127135,S3-800478222
S1-754493357	S2-346858102,S2-399869899,S2-61166243,S2-63388221,S2-721481811,S2-833094944,S2-952847200,S2-978705612,S3-191163468,S3-20921507,S3-22373856,S3-237604674,S3-267547161,S3-459636370,S3-485638423,S3-488679255,S3-67054621,S3-962107185
S1-831250685	S2-693368483,S3-704753985
S1-522913763	S2-254413757,S2-348988483,S2-364933505,S2-644781982,S2-669102874,S2-882130114,S3-321155690,S3-44813988,S3-824762255,S3-845224722
S1-934216469	S2-645075740,S3-515551240
S1-860733442	S2-129742465,S2-392558832,S3-13762790,S3-176169543,S3-239214616,S3-45395949,S3-556231800,S3-658656863,S3-741879929,S3-941335653
